A,0.265667,0.677352,-0.000001,0.350261,0.628814,-0.019161,0.406978,0.528116,-0.026654,0.423371,0.431597,-0.038269,0.418570,0.356865,-0.044690,0.363052,0.439980,0.009967,0.374555,0.364771,-0.030543,0.368537,0.450499,-0.051952,0.358021,0.509471,-0.058545,0.314676,0.435872,0.004299,0.326207,0.367427,-0.037942,0.324619,0.472467,-0.046648,0.315655,0.527178,-0.040316,0.265246,0.439370,-0.009073,0.276710,0.370102,-0.052226,0.284413,0.475527,-0.038896,0.281582,0.536069,-0.015778,0.213303,0.452356,-0.024420,0.227478,0.382778,-0.049919,0.241835,0.452196,-0.036305,0.245100,0.504004,-0.017121
B,0.218980,0.832294,0.000000,0.297226,0.768702,-0.033508,0.338256,0.668828,-0.052398,0.331750,0.568945,-0.069535,0.307309,0.483029,-0.085475,0.319798,0.493868,-0.013454,0.330142,0.370504,-0.036555,0.331095,0.299053,-0.061948,0.328559,0.228287,-0.083657,0.267198,0.480976,-0.018743,0.278153,0.347496,-0.036185,0.281817,0.270947,-0.061601,0.286200,0.189933,-0.084012,0.217071,0.496454,-0.029847,0.225569,0.370900,-0.049115,0.233417,0.294774,-0.069046,0.241706,0.219433,-0.086794,0.161524,0.534132,-0.044936,0.170516,0.430272,-0.064900,0.178724,0.362599,-0.077268,0.189244,0.292506,-0.088192
C,0.137808,0.755317,0.000000,0.238721,0.706283,-0.016825,0.326275,0.623607,-0.043419,0.399457,0.591746,-0.074669,0.469102,0.561663,-0.106984,0.278496,0.417940,-0.015777,0.329553,0.296818,-0.059971,0.378897,0.252053,-0.101237,0.434218,0.234033,-0.128805,0.237381,0.415074,-0.038347,0.280904,0.273972,-0.087065,0.342559,0.233767,-0.124995,0.407621,0.232400,-0.147896,0.193455,0.436614,-0.066088,0.229189,0.291270,-0.104467,0.288286,0.243707,-0.127263,0.349671,0.228483,-0.140166,0.150817,0.478103,-0.096317,0.175361,0.357490,-0.126542,0.218909,0.287475,-0.142666,0.268774,0.237989,-0.152675
D,0.192979,0.847755,-0.000000,0.284181,0.753263,0.018086,0.336612,0.664307,0.008027,0.380360,0.612712,-0.015698,0.418594,0.565079,-0.041273,0.236366,0.531107,0.012741,0.248346,0.404399,-0.005781,0.248705,0.330317,-0.020944,0.251491,0.262502,-0.035190,0.203914,0.544319,-0.019678,0.302946,0.478118,-0.051964,0.356905,0.513947,-0.066218,0.376641,0.546025,-0.075073,0.192180,0.577353,-0.053436,0.286589,0.494275,-0.086036,0.350487,0.523673,-0.086207,0.380434,0.564009,-0.082744,0.199887,0.618065,-0.086876,0.250543,0.527499,-0.113821,0.308699,0.503107,-0.117933,0.352909,0.506861,-0.117802
E,0.183415,0.844443,-0.000000,0.261616,0.816894,-0.044149,0.324991,0.715086,-0.072789,0.346533,0.624941,-0.102762,0.289429,0.589619,-0.127986,0.284431,0.524799,-0.020557,0.290292,0.394796,-0.071170,0.329261,0.401197,-0.114150,0.344292,0.457028,-0.138935,0.232986,0.514152,-0.024338,0.225172,0.357703,-0.076115,0.270779,0.376503,-0.117121,0.289761,0.449996,-0.136889,0.182543,0.524682,-0.036259,0.171063,0.386393,-0.070858,0.216159,0.382572,-0.103177,0.236548,0.444760,-0.119268,0.128052,0.556582,-0.053622,0.125538,0.443636,-0.074335,0.161307,0.414634,-0.095336,0.188161,0.444895,-0.108495
F,0.216125,0.790802,-0.000000,0.289644,0.736881,-0.018663,0.349877,0.647077,-0.036843,0.396902,0.584720,-0.058256,0.430091,0.521390,-0.079679,0.284248,0.516566,-0.010376,0.336756,0.445419,-0.053807,0.381697,0.469540,-0.092089,0.415092,0.504036,-0.113961,0.241572,0.490153,-0.024105,0.276216,0.380541,-0.055406,0.320122,0.315695,-0.083891,0.363205,0.263496,-0.103683,0.196473,0.498133,-0.044374,0.196575,0.373540,-0.075227,0.216382,0.290149,-0.099025,0.239749,0.217006,-0.114572,0.155154,0.534051,-0.066241,0.129544,0.437705,-0.091396,0.123030,0.360546,-0.103658,0.126378,0.285676,-0.111925
G,0.024491,0.687349,-0.000001,0.115873,0.589400,0.036158,0.239085,0.554777,0.021684,0.340420,0.579733,0.002119,0.414806,0.618997,-0.021609,0.221974,0.438510,-0.061315,0.366040,0.441474,-0.096051,0.448684,0.458572,-0.112827,0.514211,0.474175,-0.125140,0.196007,0.506436,-0.096327,0.363498,0.571064,-0.118786,0.333322,0.624946,-0.098298,0.292851,0.621362,-0.087846,0.180431,0.601343,-0.125053,0.342404,0.648598,-0.142324,0.314424,0.688294,-0.102038,0.270794,0.685489,-0.077624,0.172402,0.700661,-0.149570,0.320697,0.724773,-0.161801,0.327371,0.750456,-0.135444,0.306449,0.755265,-0.117275
H,0.002098,0.686937,0.000000,0.083010,0.575788,0.037404,0.178502,0.520228,0.023762,0.262092,0.538821,0.005351,0.320801,0.576313,-0.016751,0.214526,0.448821,-0.071248,0.360999,0.455136,-0.108354,0.442499,0.464958,-0.130247,0.507525,0.479916,-0.143463,0.190732,0.531960,-0.104795,0.357121,0.528048,-0.139255,0.453565,0.534499,-0.150285,0.523715,0.545774,-0.161369,0.179442,0.631629,-0.127311,0.352003,0.658072,-0.137392,0.340801,0.676713,-0.100999,0.306436,0.680734,-0.076511,0.174457,0.728690,-0.146857,0.318959,0.741240,-0.144468,0.332395,0.733168,-0.110460,0.325547,0.713035,-0.084503
I,0.210255,0.869813,-0.000001,0.292377,0.813229,-0.017872,0.333252,0.690892,-0.024165,0.342643,0.596323,-0.034586,0.355896,0.520903,-0.039170,0.287052,0.610786,0.010579,0.295891,0.514401,-0.023803,0.289927,0.585580,-0.045015,0.288032,0.653344,-0.051977,0.238631,0.606121,0.005872,0.241759,0.516100,-0.041669,0.248662,0.602564,-0.066074,0.256735,0.675113,-0.069753,0.191351,0.609484,-0.004764,0.183879,0.491870,-0.040824,0.203031,0.541817,-0.049222,0.220933,0.598709,-0.043883,0.145378,0.620812,-0.017154,0.137175,0.527051,-0.035214,0.141642,0.467014,-0.043171,0.149171,0.411202,-0.044409
J,0.409779,0.896210,-0.000000,0.370618,0.795825,0.017190,0.358160,0.676856,0.021344,0.372251,0.571582,0.024404,0.412782,0.529429,0.026980,0.378483,0.633589,-0.024635,0.450621,0.539981,-0.027829,0.460103,0.575402,-0.020914,0.451218,0.608791,-0.014984,0.421489,0.653354,-0.036169,0.492468,0.550915,-0.037109,0.501240,0.591217,-0.025047,0.489658,0.624450,-0.019047,0.468109,0.684578,-0.043034,0.528875,0.563571,-0.046223,0.534037,0.599032,-0.029212,0.521366,0.635154,-0.019639,0.517878,0.722052,-0.047126,0.556626,0.604902,-0.056389,0.578971,0.542898,-0.053307,0.592270,0.489128,-0.051090
J,0.151449,0.561652,-0.000001,0.241830,0.492996,-0.004187,0.344365,0.486898,-0.040310,0.419288,0.505832,-0.068070,0.449572,0.555455,-0.093368,0.339258,0.468262,-0.173619,0.429706,0.637581,-0.199934,0.402471,0.644863,-0.170520,0.378827,0.612825,-0.149985,0.279561,0.514125,-0.191871,0.387613,0.697314,-0.217650,0.354966,0.701857,-0.166513,0.332380,0.659256,-0.137056,0.228019,0.586322,-0.203075,0.338450,0.739715,-0.223019,0.316515,0.742127,-0.171831,0.288046,0.707806,-0.145581,0.186514,0.658437,-0.213195,0.272099,0.776336,-0.257197,0.330960,0.836220,-0.264454,0.375109,0.877702,-0.270713
K,0.228352,0.954717,0.000001,0.297057,0.872971,-0.017098,0.317642,0.749379,-0.024747,0.287065,0.652498,-0.038330,0.258033,0.588937,-0.049496,0.286291,0.650994,-0.004371,0.301837,0.523482,-0.027101,0.309865,0.450241,-0.041347,0.315799,0.385700,-0.050890,0.236806,0.654926,-0.017054,0.229410,0.512265,-0.045482,0.225153,0.429086,-0.064473,0.215067,0.356812,-0.074244,0.191054,0.689687,-0.033433,0.201477,0.603767,-0.074237,0.235855,0.681884,-0.074552,0.251501,0.745569,-0.061904,0.147671,0.740068,-0.051856,0.158021,0.666716,-0.079102,0.195734,0.694223,-0.072775,0.220667,0.729147,-0.061104
L,0.121093,0.813080,-0.000000,0.227019,0.768363,-0.027396,0.305507,0.717673,-0.045648,0.391030,0.679034,-0.067580,0.444626,0.662435,-0.088731,0.271812,0.547736,-0.013007,0.303762,0.421131,-0.052719,0.322629,0.350593,-0.085737,0.335012,0.281459,-0.108299,0.223267,0.526080,-0.015893,0.236874,0.447918,-0.067164,0.224726,0.547843,-0.080421,0.212350,0.618724,-0.078469,0.167352,0.524864,-0.024511,0.176528,0.449384,-0.068103,0.179118,0.541438,-0.058576,0.178479,0.611602,-0.039111,0.115004,0.544849,-0.036585,0.113976,0.446095,-0.059762,0.137140,0.494755,-0.047262,0.148099,0.555350,-0.030357
M,0.218791,0.760477,-0.000001,0.298566,0.703690,-0.019211,0.320115,0.578458,-0.035586,0.261488,0.497385,-0.052125,0.206084,0.435388,-0.068864,0.319775,0.506204,-0.027226,0.353995,0.411607,-0.063808,0.359687,0.474197,-0.087438,0.344341,0.546708,-0.098392,0.269714,0.489505,-0.036425,0.303051,0.373313,-0.070536,0.318865,0.446778,-0.086592,0.312061,0.531424,-0.090246,0.215764,0.496199,-0.049203,0.248610,0.363296,-0.080800,0.273335,0.433734,-0.089751,0.273561,0.510729,-0.091150,0.162975,0.521425,-0.062649,0.231816,0.489871,-0.091890,0.257621,0.564423,-0.096696,0.253790,0.626027,-0.095887
N,0.191213,0.804833,-0.000001,0.266915,0.747949,-0.028735,0.299987,0.602351,-0.045824,0.263189,0.498198,-0.062994,0.220222,0.415162,-0.076257,0.305814,0.515508,-0.023898,0.349449,0.449673,-0.078903,0.340420,0.535778,-0.112012,0.317711,0.613235,-0.124720,0.240366,0.493386,-0.031094,0.292699,0.387358,-0.088482,0.297702,0.483041,-0.106515,0.285673,0.576287,-0.101660,0.175979,0.501525,-0.044555,0.218264,0.475462,-0.093739,0.233682,0.602260,-0.086335,0.240631,0.685405,-0.065945,0.121182,0.527474,-0.061203,0.171090,0.549585,-0.084591,0.192925,0.640945,-0.072006,0.200388,0.691919,-0.055012
N,0.244169,0.753139,-0.000001,0.318378,0.703324,-0.024010,0.350752,0.573057,-0.038434,0.318105,0.465970,-0.054716,0.282043,0.380931,-0.067973,0.366511,0.495796,-0.010131,0.404958,0.406259,-0.059185,0.389641,0.470347,-0.090415,0.367301,0.544089,-0.101509,0.309372,0.477618,-0.019276,0.350647,0.355513,-0.069604,0.349768,0.431976,-0.089167,0.339911,0.518152,-0.086194,0.248568,0.482814,-0.034593,0.279871,0.430180,-0.083235,0.289158,0.545393,-0.080876,0.295519,0.626543,-0.063090,0.190792,0.504010,-0.051895,0.233085,0.488262,-0.077590,0.247089,0.578709,-0.064211,0.252491,0.638988,-0.045584
N,0.272544,0.779343,-0.000001,0.342497,0.737258,-0.017559,0.379758,0.607913,-0.027987,0.351588,0.507518,-0.040431,0.318382,0.428184,-0.050848,0.387745,0.536911,-0.011678,0.425394,0.448064,-0.055903,0.419158,0.500482,-0.082818,0.400395,0.571134,-0.091877,0.332223,0.516114,-0.021325,0.370322,0.400024,-0.069462,0.375621,0.473943,-0.085572,0.368367,0.562458,-0.080291,0.273921,0.517897,-0.035890,0.313207,0.476809,-0.081515,0.320890,0.589777,-0.077621,0.321707,0.669156,-0.059510,0.219847,0.535321,-0.051705,0.271931,0.531220,-0.077546,0.284694,0.621074,-0.065580,0.283876,0.677601,-0.048063
O,0.276843,0.708371,-0.000001,0.362714,0.659970,0.000852,0.433751,0.584388,-0.007313,0.487404,0.534797,-0.024140,0.504074,0.480401,-0.038076,0.364092,0.438669,0.034743,0.414930,0.378393,0.004809,0.464932,0.398831,-0.025071,0.497514,0.430934,-0.043327,0.334223,0.423152,0.015120,0.395406,0.337229,-0.014962,0.453714,0.365069,-0.039079,0.488381,0.407801,-0.051307,0.307943,0.427896,-0.010603,0.367083,0.332195,-0.037072,0.431529,0.353463,-0.048055,0.472391,0.390415,-0.050361,0.297068,0.456082,-0.037686,0.364866,0.394786,-0.055993,0.421252,0.386614,-0.062454,0.462496,0.387746,-0.063856
O,0.276407,0.787700,-0.000001,0.367333,0.730398,0.002600,0.441068,0.654319,-0.007481,0.496686,0.608410,-0.026215,0.523980,0.565362,-0.042741,0.363913,0.501765,0.024188,0.425767,0.440810,-0.010666,0.480438,0.462042,-0.043438,0.518920,0.499415,-0.063401,0.334412,0.490742,0.002809,0.417438,0.412999,-0.032686,0.479160,0.450399,-0.060385,0.514713,0.500450,-0.075382,0.310665,0.500311,-0.023642,0.389864,0.413624,-0.055096,0.459442,0.443493,-0.069816,0.503341,0.489430,-0.074602,0.304601,0.534167,-0.050776,0.382779,0.481952,-0.074180,0.443734,0.478822,-0.084219,0.488903,0.485923,-0.087808
P,0.058579,0.587982,-0.000000,0.141713,0.523128,0.014316,0.236924,0.524206,-0.003557,0.308751,0.582530,-0.022702,0.349101,0.637947,-0.045962,0.273616,0.438598,-0.073153,0.386515,0.492459,-0.110507,0.447758,0.540310,-0.135599,0.494905,0.584332,-0.152835,0.232265,0.484797,-0.096350,0.359389,0.568224,-0.129458,0.427764,0.636736,-0.142419,0.476283,0.690866,-0.156300,0.195666,0.553497,-0.112535,0.323952,0.651043,-0.131796,0.311757,0.674338,-0.111928,0.281038,0.670457,-0.099208,0.169206,0.630265,-0.127063,0.277761,0.712977,-0.139474,0.285723,0.726735,-0.121962,0.274336,0.710733,-0.108106
P,0.106156,0.545546,-0.000000,0.188819,0.482390,0.012811,0.276917,0.471192,-0.001328,0.347074,0.497708,-0.017879,0.393410,0.535098,-0.037569,0.324055,0.399834,-0.058167,0.433153,0.448046,-0.095819,0.493820,0.486479,-0.122326,0.543852,0.521179,-0.140080,0.289332,0.440667,-0.081097,0.409043,0.521049,-0.113752,0.473802,0.587351,-0.127061,0.523593,0.636258,-0.139806,0.254114,0.503403,-0.099406,0.372062,0.600596,-0.126623,0.358412,0.636663,-0.115868,0.328867,0.640442,-0.106643,0.225477,0.574685,-0.116089,0.320676,0.658783,-0.137413,0.337576,0.688939,-0.129991,0.339316,0.689283,-0.121802
Q,0.202059,0.534029,-0.000000,0.258162,0.533301,-0.059760,0.306694,0.529916,-0.108076,0.322461,0.597359,-0.147030,0.335004,0.660188,-0.179767,0.238403,0.337084,-0.104809,0.236579,0.477459,-0.163964,0.245560,0.583355,-0.198228,0.248581,0.655216,-0.215269,0.161304,0.352881,-0.099176,0.186027,0.544035,-0.154672,0.232807,0.606417,-0.166475,0.265523,0.628043,-0.168248,0.106532,0.403238,-0.098294,0.139419,0.592567,-0.136677,0.186528,0.612473,-0.125586,0.210707,0.587795,-0.113623,0.068991,0.462770,-0.104816,0.102895,0.609022,-0.133318,0.147448,0.634989,-0.128984,0.173148,0.617998,-0.119628
Q,0.223562,0.542515,-0.000001,0.280014,0.542830,-0.060965,0.329052,0.537380,-0.108011,0.353476,0.603782,-0.144656,0.375782,0.665771,-0.174983,0.264254,0.343895,-0.104988,0.258983,0.493088,-0.157718,0.265648,0.599436,-0.186486,0.269887,0.669559,-0.199810,0.186515,0.357727,-0.096524,0.211788,0.556471,-0.145612,0.254271,0.618076,-0.155586,0.285268,0.636528,-0.155977,0.130108,0.405652,-0.091925,0.164793,0.593827,-0.123205,0.205939,0.604148,-0.111303,0.225472,0.568839,-0.099346,0.092648,0.461493,-0.094761,0.127073,0.604993,-0.117042,0.170407,0.632990,-0.109041,0.194316,0.616881,-0.097180
Q,0.262219,0.433472,-0.000000,0.304748,0.429233,-0.050224,0.346841,0.418968,-0.092041,0.365933,0.462195,-0.126357,0.380145,0.508489,-0.155569,0.309017,0.229645,-0.084646,0.291912,0.331784,-0.135125,0.284099,0.418983,-0.164690,0.278313,0.476469,-0.179905,0.240615,0.230233,-0.081695,0.233935,0.382825,-0.125453,0.259769,0.448286,-0.137950,0.276574,0.471834,-0.142700,0.187378,0.266285,-0.082778,0.185976,0.425062,-0.114675,0.225364,0.464822,-0.108878,0.247793,0.457726,-0.102190,0.145887,0.316564,-0.090118,0.152258,0.443643,-0.112910,0.189896,0.484968,-0.109612,0.214925,0.482634,-0.102871
R,0.290626,0.877860,0.000000,0.368402,0.820226,-0.028043,0.426189,0.730891,-0.049243,0.449503,0.646643,-0.077427,0.416127,0.578039,-0.103953,0.393237,0.552632,-0.002276,0.409533,0.443052,-0.033999,0.418940,0.378119,-0.059325,0.425427,0.317994,-0.078311,0.350377,0.547949,-0.016697,0.370217,0.404329,-0.052529,0.401116,0.342225,-0.076444,0.425619,0.291680,-0.091354,0.303216,0.572843,-0.038137,0.324006,0.431617,-0.092799,0.365849,0.514588,-0.104581,0.387002,0.597934,-0.099657,0.258449,0.623413,-0.061996,0.292270,0.531207,-0.107509,0.332953,0.581200,-0.115035,0.355278,0.646873,-0.112102
R,0.280913,0.945040,0.000000,0.355939,0.878718,-0.016950,0.407792,0.769449,-0.031390,0.414918,0.677375,-0.055282,0.368651,0.620371,-0.077767,0.359025,0.589144,0.014134,0.368123,0.479243,-0.010253,0.373993,0.409881,-0.029538,0.380643,0.348126,-0.043680,0.309679,0.587017,-0.005876,0.318467,0.446021,-0.035883,0.344733,0.376077,-0.053347,0.372450,0.320164,-0.061085,0.259632,0.616346,-0.032374,0.297135,0.514877,-0.084527,0.336489,0.612500,-0.088753,0.356090,0.696110,-0.075721,0.218111,0.672839,-0.060677,0.265307,0.597665,-0.098853,0.311521,0.655848,-0.096172,0.338861,0.720809,-0.085400
R,0.302667,0.933640,0.000000,0.376101,0.863378,-0.014238,0.426817,0.746749,-0.025431,0.427289,0.651309,-0.046498,0.377157,0.593457,-0.066936,0.374086,0.587376,0.018322,0.384528,0.476171,-0.006139,0.388766,0.403721,-0.025291,0.394138,0.339731,-0.039462,0.327238,0.585121,-0.001920,0.335663,0.443897,-0.035456,0.364020,0.376245,-0.054968,0.392584,0.324746,-0.062972,0.279000,0.610339,-0.028214,0.312438,0.500950,-0.083335,0.350106,0.599563,-0.086488,0.367273,0.684073,-0.071297,0.237183,0.661176,-0.055890,0.280751,0.577873,-0.096081,0.319348,0.641730,-0.091697,0.337114,0.711695,-0.078646
S,0.339114,0.742226,-0.000001,0.399832,0.673460,-0.015120,0.431143,0.577403,-0.027758,0.413761,0.489100,-0.046239,0.361976,0.448641,-0.060718,0.405947,0.488197,0.009355,0.411320,0.394501,-0.028559,0.414515,0.451200,-0.052047,0.412211,0.509964,-0.059109,0.361776,0.488817,0.000708,0.361531,0.385467,-0.035905,0.375771,0.454099,-0.048761,0.380958,0.521556,-0.044227,0.317206,0.500895,-0.014151,0.326889,0.435469,-0.050723,0.348773,0.520009,-0.048938,0.354176,0.590263,-0.032574,0.273222,0.523877,-0.030664,0.286567,0.451164,-0.045916,0.310543,0.495283,-0.034774,0.322071,0.548542,-0.018761
S,0.350515,0.738940,-0.000001,0.410052,0.669353,-0.014584,0.438897,0.572617,-0.026647,0.417799,0.485219,-0.044590,0.364687,0.447936,-0.058375,0.414222,0.483741,0.008257,0.418970,0.384559,-0.027929,0.424095,0.444184,-0.049348,0.421814,0.503258,-0.055451,0.370850,0.485315,-0.000371,0.370282,0.381245,-0.034476,0.385696,0.453049,-0.045060,0.389556,0.519622,-0.039924,0.327700,0.498103,-0.015176,0.335196,0.428968,-0.048759,0.357037,0.509724,-0.046204,0.360741,0.576375,-0.030708,0.285108,0.520939,-0.031793,0.297009,0.444653,-0.045171,0.321112,0.486509,-0.034165,0.331798,0.539549,-0.019077
S,0.370875,0.726485,-0.000001,0.430697,0.656689,-0.013616,0.458649,0.561603,-0.025045,0.438516,0.476747,-0.042519,0.388202,0.438018,-0.056184,0.431862,0.473859,0.009940,0.436519,0.378022,-0.025522,0.444213,0.433520,-0.047144,0.443107,0.491313,-0.053438,0.390001,0.475602,0.001047,0.388768,0.372724,-0.032772,0.405891,0.439045,-0.044249,0.411037,0.504863,-0.039690,0.347742,0.488506,-0.013840,0.355591,0.421771,-0.047535,0.379099,0.501382,-0.045761,0.384014,0.568836,-0.030576,0.305793,0.511599,-0.030382,0.317487,0.436844,-0.044365,0.342536,0.477589,-0.033805,0.354592,0.530009,-0.018780
S,0.364951,0.733925,-0.000001,0.424695,0.664242,-0.014392,0.453358,0.570275,-0.026961,0.434299,0.484364,-0.045428,0.382995,0.444077,-0.059739,0.428059,0.481069,0.008350,0.432039,0.383693,-0.028033,0.438719,0.441271,-0.049724,0.438018,0.499577,-0.055786,0.385804,0.482943,-0.000377,0.384858,0.378187,-0.034555,0.401425,0.445925,-0.045611,0.406635,0.512033,-0.040674,0.343007,0.495811,-0.015171,0.351312,0.429292,-0.049030,0.374167,0.510023,-0.046623,0.378606,0.577486,-0.030899,0.300558,0.518767,-0.031691,0.312297,0.443752,-0.045178,0.336568,0.485374,-0.033978,0.347803,0.538294,-0.018531
T,0.352746,0.734058,-0.000001,0.424614,0.695191,-0.009319,0.468806,0.600833,-0.013819,0.468020,0.504835,-0.023484,0.461038,0.427790,-0.030079,0.466241,0.537869,0.008055,0.503602,0.455400,-0.029651,0.491321,0.490505,-0.050061,0.470175,0.541844,-0.055023,0.422251,0.520203,-0.000858,0.441805,0.470668,-0.043243,0.429613,0.555470,-0.052349,0.419588,0.617438,-0.046263,0.374639,0.513897,-0.015982,0.395569,0.467209,-0.056926,0.392063,0.558459,-0.047298,0.386610,0.619337,-0.027567,0.323634,0.514859,-0.032229,0.349362,0.461764,-0.056588,0.356706,0.522955,-0.045290,0.357088,0.571645,-0.028374
T,0.341136,0.738819,-0.000001,0.417298,0.699904,-0.007005,0.461403,0.608875,-0.009959,0.461718,0.512927,-0.018860,0.458226,0.436006,-0.024910,0.460394,0.548798,0.014863,0.498212,0.468708,-0.021021,0.485904,0.498160,-0.041152,0.463240,0.546068,-0.045947,0.417333,0.527570,0.005103,0.436174,0.475937,-0.036228,0.419802,0.558182,-0.046279,0.405443,0.620741,-0.040424,0.370592,0.517526,-0.010813,0.389673,0.469333,-0.050913,0.382498,0.558107,-0.042006,0.373120,0.619596,-0.022405,0.319314,0.514551,-0.027775,0.344314,0.458934,-0.051392,0.348998,0.518491,-0.040036,0.346788,0.568483,-0.022937
T,0.340214,0.727185,-0.000001,0.414712,0.691859,-0.008063,0.458268,0.599311,-0.010945,0.457394,0.505043,-0.019107,0.454454,0.431287,-0.023988,0.457897,0.540718,0.010597,0.493964,0.460298,-0.025297,0.481316,0.490280,-0.044280,0.458587,0.539624,-0.048053,0.415101,0.520751,0.001648,0.432240,0.470281,-0.039932,0.416396,0.550821,-0.048585,0.403021,0.611971,-0.041643,0.368744,0.511660,-0.013359,0.386412,0.466329,-0.052992,0.379393,0.552387,-0.043381,0.370913,0.610784,-0.023517,0.318356,0.508837,-0.029486,0.341433,0.453949,-0.052225,0.345825,0.511146,-0.040628,0.343499,0.557561,-0.023569
T,0.282623,0.734517,-0.000001,0.352413,0.693051,-0.012875,0.391287,0.601144,-0.017826,0.390051,0.508263,-0.027482,0.388010,0.434157,-0.033206,0.395749,0.545454,0.011477,0.428992,0.465830,-0.027210,0.411157,0.492952,-0.049505,0.384448,0.541674,-0.054854,0.351374,0.526259,0.004781,0.363263,0.472099,-0.039873,0.347343,0.552467,-0.051175,0.334658,0.613960,-0.044975,0.305264,0.519774,-0.008780,0.314766,0.472207,-0.051134,0.310463,0.557007,-0.043391,0.303973,0.615362,-0.023422,0.256217,0.520527,-0.023861,0.270329,0.462473,-0.047123,0.276920,0.515326,-0.036095,0.276913,0.559525,-0.018773
U,0.391771,0.887397,0.000000,0.448604,0.828731,-0.019304,0.476712,0.726769,-0.029964,0.452070,0.645841,-0.045588,0.412967,0.595039,-0.060076,0.446150,0.605671,-0.007025,0.450571,0.493839,-0.030672,0.450126,0.427988,-0.045594,0.446923,0.368259,-0.053253,0.402593,0.604520,-0.017307,0.404448,0.480658,-0.044495,0.410153,0.407640,-0.060637,0.411839,0.344085,-0.066170,0.359520,0.627184,-0.031303,0.375289,0.574783,-0.074946,0.401334,0.655711,-0.078140,0.412943,0.718733,-0.064568,0.321502,0.664958,-0.046658,0.333963,0.601583,-0.074842,0.363116,0.650365,-0.066224,0.381334,0.702161,-0.050929
U,0.396331,0.877986,0.000000,0.454074,0.816800,-0.018274,0.481210,0.714990,-0.028945,0.455554,0.633785,-0.044871,0.416417,0.583134,-0.059659,0.452605,0.598881,-0.006273,0.457162,0.487101,-0.029893,0.456796,0.421610,-0.044798,0.453293,0.362343,-0.052608,0.409515,0.597413,-0.017011,0.412769,0.474208,-0.044344,0.418596,0.402146,-0.060790,0.419677,0.338844,-0.066743,0.366362,0.619276,-0.031321,0.380255,0.565248,-0.074449,0.406889,0.644519,-0.077359,0.419603,0.706812,-0.063943,0.327638,0.656456,-0.046953,0.338486,0.591779,-0.074730,0.366767,0.639237,-0.066019,0.385380,0.690941,-0.050804
U,0.397051,0.872303,0.000000,0.453078,0.810869,-0.015913,0.479253,0.710531,-0.025723,0.453914,0.633013,-0.041347,0.414725,0.585527,-0.056269,0.450323,0.598352,-0.005852,0.455236,0.487741,-0.029065,0.455457,0.422647,-0.043860,0.452937,0.363700,-0.051716,0.408118,0.596195,-0.017844,0.411223,0.473059,-0.044724,0.417226,0.400109,-0.061203,0.418918,0.337274,-0.067312,0.365726,0.618037,-0.033018,0.382161,0.562292,-0.074909,0.408369,0.640815,-0.077481,0.420633,0.703674,-0.064241,0.327772,0.655230,-0.049370,0.341184,0.588511,-0.076053,0.370261,0.633586,-0.066874,0.389346,0.684728,-0.051680
U,0.430899,0.865230,0.000000,0.489958,0.796857,-0.015803,0.513244,0.694168,-0.024546,0.483857,0.613405,-0.039330,0.440185,0.569129,-0.053316,0.484986,0.590330,-0.001853,0.488015,0.476467,-0.023829,0.486923,0.411021,-0.037985,0.483043,0.351270,-0.045545,0.442057,0.586659,-0.013089,0.443242,0.462807,-0.038687,0.448521,0.389251,-0.054840,0.448929,0.325305,-0.060967,0.399518,0.606863,-0.027804,0.411964,0.549533,-0.068225,0.438991,0.626452,-0.071087,0.451808,0.688887,-0.058143,0.361303,0.642151,-0.043884,0.371340,0.573288,-0.069323,0.399336,0.617665,-0.060483,0.417840,0.669610,-0.045631
V,0.336507,0.906990,0.000001,0.396831,0.837984,-0.019356,0.428935,0.734335,-0.032160,0.403560,0.651559,-0.049861,0.365465,0.596141,-0.066111,0.401484,0.610245,-0.011244,0.423852,0.493093,-0.033874,0.435458,0.426306,-0.049423,0.443649,0.366250,-0.060196,0.351760,0.608879,-0.023087,0.345374,0.473019,-0.046327,0.344097,0.397440,-0.062941,0.339248,0.334490,-0.072830,0.308156,0.640901,-0.038756,0.322396,0.562342,-0.075332,0.350508,0.628420,-0.081878,0.360983,0.686556,-0.076548,0.272463,0.690789,-0.056165,0.290208,0.626707,-0.083712,0.332109,0.656766,-0.082526,0.361132,0.696258,-0.076415
V,0.336379,0.908569,0.000001,0.396624,0.841383,-0.020963,0.428447,0.738948,-0.034253,0.402694,0.655661,-0.051959,0.364834,0.597980,-0.067944,0.403153,0.612709,-0.013039,0.427229,0.495901,-0.035296,0.440052,0.428568,-0.050746,0.449157,0.367293,-0.061741,0.353211,0.610446,-0.023529,0.343154,0.474464,-0.045986,0.338219,0.400592,-0.061697,0.329984,0.340048,-0.071064,0.310250,0.641904,-0.037986,0.323838,0.565724,-0.073390,0.354443,0.632713,-0.079174,0.366590,0.692044,-0.073546,0.274143,0.690875,-0.054469,0.287424,0.625059,-0.081260,0.327785,0.654077,-0.080246,0.356307,0.693415,-0.074389
V,0.335931,0.906444,0.000000,0.395603,0.841043,-0.019393,0.426910,0.736203,-0.031055,0.398502,0.654520,-0.047191,0.359550,0.603333,-0.062234,0.399617,0.615068,-0.013254,0.418275,0.499333,-0.036479,0.428679,0.431433,-0.052755,0.436307,0.371061,-0.063896,0.351452,0.613270,-0.024163,0.349269,0.480824,-0.047968,0.353070,0.405625,-0.064892,0.353058,0.343530,-0.074781,0.308423,0.643924,-0.038592,0.321126,0.568180,-0.075239,0.349096,0.632158,-0.081774,0.361460,0.690427,-0.076121,0.271734,0.691986,-0.054751,0.283295,0.625231,-0.082654,0.320518,0.653561,-0.081712,0.347275,0.693678,-0.075263
V,0.336945,0.905911,0.000001,0.395777,0.837301,-0.020492,0.427252,0.736089,-0.033084,0.398895,0.654036,-0.049871,0.358835,0.601195,-0.065153,0.402054,0.613750,-0.013249,0.423655,0.497098,-0.034921,0.435179,0.430620,-0.050524,0.443648,0.369950,-0.062087,0.353215,0.611473,-0.023166,0.344814,0.478816,-0.044698,0.340763,0.407529,-0.059815,0.333187,0.347540,-0.069376,0.310907,0.642971,-0.036936,0.321336,0.565322,-0.070877,0.350768,0.630807,-0.076300,0.362658,0.689072,-0.071116,0.275075,0.692838,-0.052746,0.285134,0.625554,-0.079274,0.323286,0.654009,-0.078729,0.349735,0.693771,-0.073457
V,0.337489,0.910210,0.000001,0.396720,0.843169,-0.020584,0.426832,0.740081,-0.033546,0.398093,0.658295,-0.050819,0.358707,0.605822,-0.066840,0.401260,0.618674,-0.015434,0.419849,0.502044,-0.039512,0.429799,0.434064,-0.056563,0.437167,0.373103,-0.068547,0.352594,0.616277,-0.025937,0.346494,0.482946,-0.049802,0.345299,0.408786,-0.066505,0.340663,0.346684,-0.076693,0.310138,0.647244,-0.040096,0.321071,0.569777,-0.075957,0.348840,0.634028,-0.081415,0.360534,0.692187,-0.075659,0.274140,0.696705,-0.056261,0.283709,0.628734,-0.083727,0.320760,0.656814,-0.082579,0.347419,0.697179,-0.076371
V,0.337894,0.912735,0.000001,0.396366,0.843057,-0.019586,0.427100,0.741386,-0.031921,0.397139,0.660213,-0.048611,0.354922,0.610518,-0.063907,0.401511,0.620676,-0.012563,0.421707,0.503547,-0.033549,0.432693,0.437281,-0.048955,0.440780,0.377658,-0.060623,0.352541,0.619476,-0.022726,0.343055,0.488591,-0.044347,0.338898,0.417940,-0.060106,0.331066,0.357475,-0.070341,0.310192,0.651155,-0.036548,0.319122,0.573543,-0.069971,0.349870,0.638823,-0.075411,0.362929,0.697180,-0.070480,0.274490,0.701021,-0.052384,0.283166,0.632736,-0.078440,0.320896,0.661626,-0.077837,0.346773,0.702813,-0.072626
V,0.260243,0.999050,0.000001,0.325496,0.908572,-0.031629,0.354512,0.807922,-0.057154,0.328832,0.704052,-0.088045,0.255381,0.687344,-0.115849,0.309520,0.652728,-0.025102,0.316947,0.511638,-0.064006,0.318619,0.432083,-0.100349,0.317938,0.357467,-0.130591,0.248802,0.659793,-0.037400,0.236298,0.511197,-0.077717,0.225811,0.424513,-0.116866,0.213454,0.338499,-0.148181,0.199175,0.703026,-0.053507,0.182434,0.587454,-0.095431,0.216205,0.673135,-0.097561,0.240369,0.746898,-0.090868,0.160051,0.769418,-0.074278,0.149604,0.687341,-0.104538,0.180041,0.713717,-0.103472,0.206116,0.754285,-0.097782
W,0.310319,0.928845,0.000000,0.383156,0.863261,-0.025551,0.424626,0.781637,-0.027722,0.399296,0.690220,-0.026502,0.340839,0.671422,-0.021298,0.395213,0.615645,-0.008286,0.428438,0.493784,-0.022152,0.444408,0.426954,-0.033888,0.453263,0.360884,-0.044454,0.340512,0.603375,-0.019573,0.344646,0.458214,-0.037409,0.346838,0.372721,-0.049856,0.348685,0.294731,-0.057859,0.293556,0.626834,-0.037246,0.271302,0.498456,-0.067925,0.272221,0.415861,-0.092959,0.277819,0.333021,-0.105460,0.257984,0.701287,-0.056817,0.268273,0.579502,-0.068433,0.296624,0.596762,-0.060848,0.320385,0.656971,-0.056124
W,0.304986,0.932034,0.000000,0.378531,0.867534,-0.025791,0.421425,0.781942,-0.027479,0.396309,0.689364,-0.025824,0.337508,0.672555,-0.020461,0.392729,0.615838,-0.006618,0.425850,0.494525,-0.019087,0.441043,0.427816,-0.030327,0.449954,0.362114,-0.040917,0.337491,0.603497,-0.018032,0.341654,0.459035,-0.033813,0.343522,0.373372,-0.046184,0.345998,0.294857,-0.054684,0.290400,0.626794,-0.035993,0.268843,0.499910,-0.065971,0.270455,0.416485,-0.092488,0.277345,0.332751,-0.106716,0.253799,0.699118,-0.055857,0.265579,0.580247,-0.069095,0.294238,0.599418,-0.063547,0.319768,0.659248,-0.060474
W,0.309333,0.930848,0.000000,0.382838,0.867771,-0.026744,0.425860,0.783018,-0.028901,0.401222,0.689392,-0.027623,0.341994,0.671954,-0.022537,0.398400,0.617797,-0.008226,0.431627,0.495707,-0.022205,0.447185,0.428434,-0.034681,0.456045,0.362622,-0.045886,0.343228,0.604872,-0.019083,0.348133,0.460038,-0.035678,0.350419,0.374657,-0.048373,0.353230,0.296020,-0.057060,0.295922,0.627531,-0.036565,0.275960,0.499823,-0.066493,0.277667,0.416756,-0.092710,0.284393,0.333414,-0.106624,0.259109,0.699938,-0.056105,0.269732,0.578643,-0.068007,0.298356,0.595498,-0.061812,0.323741,0.654930,-0.058479
W,0.310256,0.933935,0.000000,0.383162,0.867300,-0.025620,0.424195,0.785375,-0.028202,0.398848,0.693437,-0.028012,0.340659,0.674032,-0.023867,0.395260,0.620110,-0.007306,0.429241,0.495953,-0.021226,0.445044,0.428148,-0.033156,0.453443,0.361736,-0.044202,0.341460,0.607420,-0.018333,0.346719,0.461666,-0.036253,0.348022,0.375619,-0.049621,0.349020,0.297992,-0.058839,0.294286,0.631932,-0.035791,0.270441,0.503258,-0.065035,0.269729,0.419875,-0.090825,0.274238,0.338315,-0.104819,0.259973,0.707732,-0.055347,0.268150,0.585342,-0.066586,0.298596,0.601229,-0.060932,0.325126,0.659486,-0.058277
X,0.345192,0.857612,0.000000,0.353813,0.830520,-0.063820,0.333460,0.782769,-0.091858,0.290090,0.750586,-0.109435,0.246343,0.723937,-0.123981,0.335114,0.635764,-0.046543,0.317659,0.556348,-0.067009,0.287522,0.514974,-0.086206,0.260040,0.496678,-0.100473,0.299386,0.647761,-0.025286,0.259508,0.583943,-0.056566,0.238968,0.623151,-0.078989,0.235485,0.672033,-0.087372,0.273065,0.671338,-0.009231,0.238999,0.617515,-0.034072,0.218991,0.637354,-0.049544,0.217431,0.663539,-0.054726,0.257131,0.705675,0.001892,0.227262,0.657005,-0.014188,0.214005,0.660733,-0.022687,0.216989,0.673239,-0.025912
X,0.323453,0.851883,0.000000,0.330444,0.820727,-0.059875,0.306410,0.766068,-0.082120,0.263656,0.725682,-0.093920,0.221764,0.693269,-0.102170,0.310868,0.629829,-0.040428,0.291443,0.547271,-0.059225,0.267659,0.504228,-0.075457,0.240341,0.477773,-0.087279,0.274926,0.644267,-0.021084,0.231738,0.582957,-0.055350,0.216191,0.626700,-0.078309,0.208578,0.677302,-0.084672,0.248207,0.667881,-0.006824,0.212269,0.617071,-0.034083,0.193064,0.632873,-0.053043,0.183782,0.651678,-0.059035,0.231928,0.699414,0.003094,0.203463,0.653956,-0.011305,0.188473,0.655063,-0.019796,0.184135,0.662614,-0.022892
X,0.340408,0.863710,0.000000,0.346771,0.830242,-0.056803,0.323661,0.773858,-0.078259,0.281848,0.732665,-0.090664,0.242627,0.699043,-0.099546,0.328878,0.637658,-0.033249,0.312208,0.556680,-0.052758,0.288021,0.519649,-0.071718,0.263705,0.510397,-0.084618,0.292649,0.652078,-0.014746,0.253027,0.590832,-0.048311,0.232199,0.627470,-0.075513,0.223271,0.677364,-0.085940,0.265794,0.675135,-0.001321,0.230920,0.621347,-0.028429,0.209843,0.637710,-0.050548,0.202816,0.666040,-0.059188,0.249047,0.707393,0.008004,0.219494,0.661245,-0.008972,0.203735,0.662061,-0.021078,0.199996,0.674506,-0.026278
X,0.339440,0.868171,0.000000,0.345188,0.833604,-0.057913,0.320938,0.778116,-0.079836,0.278442,0.738350,-0.092339,0.237330,0.707034,-0.101681,0.325436,0.641984,-0.034014,0.305686,0.563914,-0.051777,0.280224,0.526293,-0.070348,0.253431,0.510245,-0.084234,0.289715,0.658266,-0.014592,0.248663,0.597698,-0.047300,0.229387,0.636310,-0.074286,0.220900,0.685747,-0.085004,0.262928,0.682546,-0.000058,0.227753,0.629536,-0.025260,0.206989,0.646386,-0.046500,0.199286,0.672930,-0.055337,0.246553,0.715823,0.010178,0.216045,0.669030,-0.004892,0.200630,0.670837,-0.016173,0.196970,0.682563,-0.021616
Y,0.321678,0.849358,-0.000001,0.383768,0.784726,-0.027789,0.422165,0.683622,-0.041155,0.441802,0.591056,-0.053831,0.469791,0.534502,-0.060054,0.357144,0.612195,-0.014828,0.337265,0.551920,-0.040373,0.335420,0.622835,-0.051638,0.343877,0.679786,-0.054919,0.308630,0.616759,-0.011634,0.294396,0.564557,-0.050108,0.304749,0.653852,-0.065099,0.321237,0.712016,-0.066638,0.266764,0.629996,-0.012463,0.245608,0.552947,-0.045949,0.257698,0.610202,-0.047812,0.276365,0.660988,-0.040212,0.235520,0.650985,-0.014695,0.213376,0.584352,-0.034616,0.197431,0.550964,-0.039189,0.184899,0.514569,-0.038170
Y,0.351940,0.841549,-0.000001,0.424912,0.777790,-0.029557,0.469670,0.661501,-0.043939,0.491747,0.564992,-0.059674,0.521049,0.499338,-0.069105,0.391828,0.588886,-0.011610,0.388459,0.527627,-0.046733,0.395295,0.612066,-0.063403,0.401136,0.678110,-0.068252,0.337147,0.593459,-0.010892,0.336302,0.534874,-0.060205,0.355370,0.631208,-0.077323,0.368188,0.700020,-0.077063,0.288688,0.607858,-0.016306,0.275896,0.515208,-0.058752,0.297601,0.578341,-0.061943,0.316836,0.636268,-0.052134,0.249780,0.629621,-0.023557,0.230139,0.554630,-0.047997,0.225610,0.513002,-0.055654,0.224028,0.469061,-0.055582
Y,0.353994,0.846341,-0.000001,0.426556,0.781263,-0.028444,0.469461,0.665221,-0.042956,0.490931,0.567833,-0.058892,0.522461,0.504522,-0.069227,0.391493,0.598606,-0.014345,0.379530,0.533736,-0.048669,0.386221,0.615932,-0.064496,0.395412,0.678861,-0.069137,0.336986,0.604764,-0.014574,0.329368,0.539488,-0.063915,0.348117,0.635323,-0.081933,0.363772,0.702971,-0.082450,0.288004,0.618572,-0.020172,0.271262,0.519797,-0.062429,0.290134,0.581707,-0.066547,0.309634,0.637960,-0.057664,0.249645,0.638889,-0.027207,0.228163,0.562860,-0.051420,0.219739,0.521256,-0.058990,0.215038,0.475320,-0.059195
Y,0.351408,0.844015,-0.000001,0.422945,0.778763,-0.027781,0.465233,0.663164,-0.042488,0.486589,0.567112,-0.058464,0.517564,0.504374,-0.068799,0.386256,0.598421,-0.015477,0.373556,0.534053,-0.049773,0.380762,0.617567,-0.065544,0.390467,0.681073,-0.070078,0.331749,0.605751,-0.016070,0.323748,0.540149,-0.065749,0.341962,0.637684,-0.083587,0.357871,0.705913,-0.083634,0.283129,0.620007,-0.021754,0.266439,0.520493,-0.063442,0.283155,0.581790,-0.066801,0.301589,0.636425,-0.057489,0.245838,0.640696,-0.028754,0.224842,0.564903,-0.051917,0.215600,0.523334,-0.058269,0.210247,0.476073,-0.057736
Y,0.348502,0.859880,-0.000001,0.419003,0.794397,-0.030478,0.460448,0.680018,-0.045515,0.479971,0.582031,-0.061937,0.504901,0.511438,-0.072214,0.384432,0.609008,-0.011358,0.373738,0.547103,-0.046169,0.379144,0.630030,-0.063096,0.387707,0.693722,-0.068056,0.329945,0.614977,-0.010653,0.322535,0.553193,-0.060091,0.340317,0.650030,-0.079070,0.356252,0.716601,-0.079877,0.281588,0.629439,-0.015816,0.264367,0.535186,-0.058870,0.280894,0.598455,-0.063097,0.298999,0.654639,-0.053497,0.244200,0.650029,-0.022625,0.223005,0.573941,-0.046473,0.212823,0.534311,-0.052716,0.206381,0.491810,-0.051389
Y,0.346100,0.862535,-0.000001,0.415868,0.796363,-0.030266,0.455843,0.682951,-0.045514,0.474694,0.585822,-0.062242,0.499596,0.516031,-0.073078,0.378861,0.613275,-0.012057,0.365791,0.553482,-0.046966,0.372692,0.636088,-0.064275,0.382208,0.699247,-0.069744,0.323813,0.619221,-0.011818,0.314931,0.558557,-0.060890,0.334257,0.654759,-0.079677,0.351172,0.721271,-0.080553,0.274959,0.634327,-0.017338,0.257275,0.540997,-0.060327,0.274490,0.606640,-0.063663,0.292963,0.663541,-0.053493,0.237875,0.656103,-0.024560,0.215690,0.581877,-0.049246,0.205107,0.542902,-0.055374,0.198165,0.499663,-0.053779
A,0.178728,0.666691,-0.000001,0.262987,0.643495,-0.023906,0.335435,0.566266,-0.031374,0.369183,0.466354,-0.040564,0.356038,0.390373,-0.044882,0.309587,0.486751,0.011583,0.324357,0.431447,-0.025316,0.298463,0.488964,-0.048345,0.276439,0.542311,-0.057406,0.263370,0.467315,0.010261,0.281890,0.408619,-0.034526,0.257740,0.494077,-0.049561,0.239673,0.559262,-0.046674,0.217297,0.459154,0.001788,0.233539,0.404190,-0.044114,0.218862,0.497081,-0.037391,0.207628,0.566676,-0.017192,0.169308,0.461755,-0.008657,0.186471,0.419411,-0.037717,0.185042,0.484178,-0.029033,0.182311,0.535736,-0.012803
A,0.176567,0.708650,-0.000001,0.265244,0.678286,-0.019503,0.339280,0.601334,-0.024998,0.374604,0.503688,-0.034519,0.352145,0.436243,-0.039634,0.307232,0.518661,0.024293,0.323494,0.454825,-0.012101,0.300834,0.513778,-0.036836,0.281198,0.572681,-0.046410,0.260513,0.500001,0.020729,0.279354,0.437446,-0.024817,0.257272,0.522733,-0.043563,0.240178,0.593966,-0.041819,0.213494,0.490939,0.009700,0.230513,0.437370,-0.037219,0.216977,0.529587,-0.035527,0.206448,0.605328,-0.017017,0.164367,0.491879,-0.002941,0.183958,0.445369,-0.031739,0.182073,0.506400,-0.024889,0.177837,0.561388,-0.009100
A,0.259612,0.628552,-0.000001,0.345192,0.598674,-0.017734,0.414752,0.531881,-0.023998,0.449079,0.445452,-0.034463,0.433779,0.378228,-0.041051,0.382073,0.452065,0.022117,0.401225,0.392443,-0.013240,0.380881,0.446870,-0.038260,0.362557,0.503531,-0.048357,0.338712,0.433527,0.017750,0.358554,0.375262,-0.024629,0.338631,0.452695,-0.043422,0.322704,0.521316,-0.043116,0.294308,0.423719,0.006407,0.313264,0.373514,-0.037098,0.299864,0.457523,-0.036032,0.288350,0.529350,-0.019381,0.247642,0.423478,-0.006471,0.269597,0.378855,-0.033509,0.268371,0.433983,-0.026872,0.264091,0.486842,-0.011974
A,0.264846,0.621865,-0.000001,0.350482,0.594087,-0.017338,0.421365,0.530207,-0.022982,0.457496,0.444497,-0.033191,0.443162,0.376873,-0.039626,0.388963,0.448910,0.027015,0.408613,0.391375,-0.008204,0.388938,0.442285,-0.034111,0.369517,0.496789,-0.044772,0.346129,0.429658,0.022658,0.366633,0.372116,-0.019840,0.346858,0.448783,-0.039338,0.329864,0.516298,-0.039243,0.302166,0.419698,0.010964,0.322156,0.369680,-0.032722,0.308492,0.452413,-0.032292,0.295654,0.523288,-0.015726,0.255182,0.418565,-0.002281,0.278392,0.373868,-0.028622,0.277513,0.427387,-0.022017,0.272606,0.478653,-0.007128
A,0.217010,0.673561,-0.000001,0.296939,0.657584,-0.019812,0.363470,0.590315,-0.024930,0.396555,0.502026,-0.032268,0.369097,0.451906,-0.034956,0.330814,0.512251,0.018397,0.338334,0.456944,-0.015805,0.322002,0.512693,-0.039348,0.305968,0.560078,-0.049865,0.290134,0.497558,0.016723,0.303205,0.441986,-0.025149,0.283279,0.520500,-0.040611,0.266655,0.575992,-0.038971,0.250574,0.491625,0.008210,0.263488,0.440291,-0.030731,0.250111,0.524171,-0.023078,0.239388,0.583385,-0.004208,0.209060,0.492820,-0.002627,0.222990,0.456663,-0.023758,0.218862,0.515810,-0.013938,0.213876,0.557903,0.001268
B,0.181563,0.838919,0.000001,0.254605,0.793301,-0.031796,0.295859,0.687410,-0.036228,0.255131,0.594539,-0.039412,0.194910,0.582948,-0.041387,0.313346,0.593653,0.016021,0.336409,0.491776,0.012437,0.344509,0.429644,-0.002263,0.351623,0.371017,-0.017481,0.272200,0.569526,0.019134,0.298083,0.460521,0.020861,0.309868,0.390471,0.006180,0.322811,0.324232,-0.008160,0.231017,0.570100,0.015284,0.250022,0.471274,0.014636,0.262981,0.402941,0.000582,0.274467,0.344743,-0.012548,0.185093,0.581123,0.005949,0.202560,0.503156,0.004660,0.215896,0.451913,0.000256,0.227403,0.403645,-0.006033
B,0.153085,0.891991,0.000000,0.230487,0.847560,-0.022447,0.278808,0.749381,-0.027777,0.285000,0.648953,-0.033090,0.272237,0.575354,-0.035318,0.270841,0.623130,0.020709,0.297339,0.519649,0.012213,0.303611,0.459397,-0.003881,0.305360,0.404033,-0.017605,0.231707,0.605677,0.019101,0.259322,0.492313,0.017120,0.270498,0.425938,0.002939,0.279825,0.366214,-0.010429,0.194089,0.609774,0.011373,0.214853,0.504331,0.009391,0.228157,0.440800,0.003147,0.238321,0.388960,-0.005012,0.145899,0.627725,-0.000823,0.163323,0.547322,-0.001453,0.177656,0.495691,-0.000587,0.192726,0.450050,-0.002425
B,0.317403,0.887686,0.000000,0.387734,0.814635,-0.016000,0.408483,0.692441,-0.015689,0.392135,0.588832,-0.016905,0.351204,0.541985,-0.015748,0.351335,0.582484,0.028715,0.341924,0.474319,0.022103,0.331424,0.412593,0.008106,0.318014,0.358672,-0.004312,0.307708,0.582209,0.024392,0.296951,0.460140,0.022961,0.288351,0.389639,0.012092,0.281162,0.327326,0.002096,0.270186,0.601740,0.013964,0.259780,0.489806,0.011777,0.253624,0.422224,0.007457,0.248935,0.366565,0.001653,0.230204,0.638001,-0.000538,0.224069,0.549470,-0.000892,0.221216,0.494129,0.001204,0.220411,0.444450,0.000737
C,0.130931,0.690427,-0.000000,0.215377,0.676661,0.003251,0.290830,0.627217,0.001311,0.350195,0.594169,-0.010551,0.368152,0.533676,-0.019478,0.239836,0.472956,0.057352,0.273541,0.399136,0.038827,0.316574,0.389890,0.013063,0.352709,0.402347,-0.003363,0.217273,0.455762,0.038480,0.256700,0.353940,0.018204,0.309590,0.351490,-0.005209,0.346676,0.391868,-0.016878,0.195328,0.447855,0.012581,0.234040,0.339793,-0.002508,0.289685,0.336361,-0.014380,0.327085,0.369080,-0.017654,0.176754,0.450607,-0.015696,0.218849,0.365798,-0.026218,0.268315,0.346415,-0.032384,0.305361,0.355113,-0.033740
C,0.257995,0.789941,-0.000000,0.337761,0.779327,-0.007423,0.408815,0.728389,-0.017933,0.465566,0.690583,-0.037138,0.473479,0.630042,-0.050660,0.373159,0.570027,0.035448,0.400320,0.476859,0.003172,0.441747,0.497517,-0.023037,0.457737,0.543580,-0.034660,0.350305,0.555537,0.021170,0.381803,0.439460,-0.007761,0.432230,0.465854,-0.023143,0.448481,0.525406,-0.024993,0.325906,0.547819,-0.001415,0.355781,0.438531,-0.022673,0.409541,0.465849,-0.027363,0.429191,0.520788,-0.022305,0.303594,0.548341,-0.027359,0.338737,0.463570,-0.039654,0.385772,0.470696,-0.041361,0.408931,0.509227,-0.036976
C,0.179968,0.668782,0.000000,0.260878,0.664560,-0.002920,0.339213,0.633979,-0.009393,0.400459,0.620435,-0.023064,0.443536,0.582731,-0.035660,0.313155,0.444773,0.036293,0.342656,0.352691,0.021601,0.374682,0.320429,0.000412,0.407473,0.312723,-0.014407,0.287369,0.430825,0.019062,0.322321,0.322541,0.001317,0.364690,0.296830,-0.020076,0.403198,0.310289,-0.032633,0.260180,0.425687,-0.004248,0.296000,0.317488,-0.019074,0.339761,0.289328,-0.033438,0.379687,0.294480,-0.040992,0.232822,0.431963,-0.029915,0.270038,0.348922,-0.042870,0.307206,0.306542,-0.052308,0.343125,0.283754,-0.057525
E,0.124460,0.803799,-0.000000,0.209155,0.794365,-0.037787,0.290329,0.716131,-0.061933,0.341902,0.637318,-0.088803,0.301027,0.599818,-0.111577,0.262900,0.520703,-0.004604,0.279697,0.405173,-0.049582,0.289897,0.388361,-0.094873,0.288002,0.439564,-0.122319,0.212044,0.501356,-0.008735,0.233118,0.363420,-0.055747,0.236799,0.360901,-0.105347,0.230594,0.431377,-0.133637,0.163328,0.505256,-0.019427,0.176931,0.377029,-0.048804,0.180416,0.372980,-0.072741,0.174385,0.442592,-0.083639,0.107418,0.523311,-0.035339,0.124227,0.424003,-0.052773,0.129755,0.407015,-0.065109,0.130353,0.447233,-0.070829
E,0.131949,0.780617,-0.000000,0.223256,0.772115,-0.029416,0.307178,0.700745,-0.046105,0.357377,0.622028,-0.065461,0.322451,0.579821,-0.080791,0.279846,0.510694,0.009148,0.291670,0.400006,-0.026515,0.309341,0.384168,-0.063689,0.315149,0.423441,-0.085682,0.232254,0.488212,0.004581,0.251389,0.356831,-0.029803,0.264215,0.349085,-0.065345,0.263586,0.408156,-0.084453,0.184033,0.487301,-0.007020,0.199662,0.367889,-0.032648,0.211383,0.357911,-0.054012,0.207225,0.418648,-0.062728,0.128266,0.501744,-0.022866,0.145596,0.402359,-0.040510,0.159077,0.383047,-0.052077,0.163599,0.419567,-0.056502
E,0.131030,0.824729,-0.000000,0.211200,0.801300,-0.040822,0.283137,0.723135,-0.068226,0.321118,0.645675,-0.097845,0.273139,0.611098,-0.123963,0.240872,0.525021,-0.011333,0.246450,0.403875,-0.058092,0.252340,0.393190,-0.103620,0.253358,0.447813,-0.129708,0.191395,0.513298,-0.013946,0.199162,0.373364,-0.057981,0.197643,0.372565,-0.104779,0.195430,0.439518,-0.131293,0.143486,0.521533,-0.023642,0.144577,0.395489,-0.054023,0.143069,0.388385,-0.083714,0.139960,0.456606,-0.097935,0.092474,0.546193,-0.038345,0.098331,0.442734,-0.056984,0.100879,0.418410,-0.072504,0.102909,0.453527,-0.080240
E,0.230320,0.654284,-0.000000,0.310127,0.618856,-0.033344,0.377290,0.542383,-0.054620,0.421427,0.464635,-0.077930,0.391119,0.406760,-0.097021,0.336004,0.370585,-0.000382,0.336866,0.262394,-0.042143,0.345776,0.240002,-0.082203,0.351456,0.277480,-0.104152,0.288741,0.356380,-0.002807,0.291940,0.227861,-0.040533,0.295950,0.216838,-0.077830,0.299793,0.273114,-0.097560,0.243965,0.363136,-0.012267,0.244138,0.250793,-0.039082,0.245449,0.242440,-0.058839,0.244913,0.301981,-0.065923,0.197231,0.387106,-0.026254,0.198885,0.293740,-0.043741,0.203724,0.271668,-0.053519,0.207781,0.303028,-0.055856
E,0.271892,0.674013,-0.000000,0.360902,0.653600,-0.023979,0.436105,0.584162,-0.037681,0.477119,0.505724,-0.054531,0.468398,0.436556,-0.067417,0.399258,0.412875,0.011355,0.407842,0.312524,-0.021975,0.425928,0.289737,-0.055596,0.435637,0.313684,-0.074807,0.354480,0.390989,0.005194,0.363471,0.264879,-0.026260,0.381980,0.250159,-0.055655,0.389961,0.298983,-0.070643,0.309720,0.389771,-0.007995,0.316949,0.275329,-0.031921,0.335106,0.268261,-0.047898,0.338624,0.323579,-0.053267,0.259414,0.404476,-0.025120,0.268363,0.308815,-0.042569,0.288182,0.290209,-0.051191,0.299604,0.323516,-0.053025
E,0.220543,0.715402,-0.000000,0.301933,0.699472,-0.027502,0.374921,0.618943,-0.042186,0.385365,0.526709,-0.058959,0.330754,0.511598,-0.072943,0.351477,0.440015,0.001452,0.363575,0.335463,-0.030013,0.369350,0.322113,-0.061687,0.365779,0.362943,-0.079779,0.304093,0.423068,-0.003124,0.320299,0.301155,-0.035318,0.323036,0.298010,-0.065420,0.315918,0.355850,-0.079704,0.258276,0.426472,-0.013783,0.267553,0.318354,-0.037983,0.273299,0.316355,-0.057708,0.266609,0.372929,-0.064661,0.208479,0.445130,-0.028403,0.223007,0.356050,-0.043926,0.234481,0.337989,-0.054221,0.235812,0.365076,-0.057679
E,0.211174,0.747941,-0.000000,0.288426,0.727484,-0.024590,0.352613,0.649595,-0.037551,0.350348,0.565546,-0.052863,0.296208,0.553884,-0.066233,0.336694,0.483731,0.001291,0.349179,0.384414,-0.026778,0.358122,0.368737,-0.056459,0.356915,0.403144,-0.074198,0.293512,0.467453,-0.003845,0.310390,0.349612,-0.032546,0.316178,0.343172,-0.061773,0.310895,0.396411,-0.076873,0.249758,0.468909,-0.014425,0.260768,0.362219,-0.036337,0.268105,0.356722,-0.059182,0.261975,0.411773,-0.069639,0.202198,0.483481,-0.028603,0.215175,0.393860,-0.044526,0.226782,0.376419,-0.057698,0.227704,0.407869,-0.064021
E,0.211607,0.747324,-0.000000,0.283733,0.727801,-0.026666,0.343587,0.656957,-0.043665,0.338774,0.580512,-0.062791,0.283691,0.558153,-0.079781,0.329693,0.494129,-0.006847,0.341974,0.397812,-0.038702,0.352666,0.379573,-0.068655,0.352165,0.412216,-0.085577,0.287497,0.476315,-0.012015,0.300045,0.359009,-0.044634,0.311112,0.352343,-0.072899,0.309683,0.408593,-0.085838,0.244921,0.478286,-0.022588,0.253342,0.374192,-0.045974,0.264393,0.368864,-0.065107,0.261956,0.422038,-0.072069,0.198797,0.494963,-0.037007,0.208159,0.408327,-0.053218,0.221213,0.388995,-0.064240,0.225867,0.417559,-0.068122
F,0.135682,0.698980,-0.000000,0.222558,0.672997,-0.011150,0.288236,0.604375,-0.018233,0.344429,0.550771,-0.031618,0.389766,0.503639,-0.042839,0.244938,0.481191,0.034330,0.298490,0.423072,0.001415,0.337620,0.442331,-0.030098,0.357715,0.477193,-0.044551,0.218867,0.447058,0.025067,0.266282,0.357926,0.014257,0.310666,0.306854,0.003393,0.347697,0.267282,-0.003226,0.183233,0.433161,0.005930,0.213252,0.333487,-0.002595,0.246259,0.270338,-0.003864,0.275550,0.221603,-0.003061,0.146609,0.435735,-0.017360,0.162138,0.346208,-0.021605,0.182811,0.285700,-0.017901,0.204512,0.234244,-0.013345
F,0.174522,0.722430,-0.000000,0.260301,0.696221,-0.010824,0.330961,0.646303,-0.024666,0.388027,0.602622,-0.045345,0.419171,0.537711,-0.063547,0.281561,0.488912,0.023544,0.339001,0.434432,-0.016060,0.381722,0.463400,-0.055289,0.405472,0.505304,-0.076243,0.259657,0.455180,0.012008,0.314717,0.365380,-0.009270,0.371298,0.333635,-0.029438,0.421736,0.316429,-0.042910,0.227930,0.439863,-0.008257,0.264984,0.329844,-0.023917,0.310623,0.279932,-0.033066,0.354932,0.249209,-0.038273,0.192971,0.442956,-0.032132,0.202215,0.342217,-0.043029,0.231164,0.284749,-0.046847,0.268268,0.244227,-0.048184
F,0.210804,0.628196,-0.000000,0.291310,0.610575,-0.012812,0.359709,0.567175,-0.026968,0.418143,0.525995,-0.047333,0.450195,0.460383,-0.065043,0.312535,0.410932,0.022280,0.370248,0.362078,-0.016126,0.412971,0.389521,-0.054737,0.437058,0.429559,-0.075180,0.293032,0.374872,0.013099,0.347989,0.289988,-0.007014,0.404178,0.260688,-0.026703,0.454265,0.245583,-0.039621,0.262630,0.354876,-0.004648,0.302289,0.250279,-0.019895,0.348949,0.203230,-0.028157,0.393007,0.175819,-0.031931,0.229701,0.351481,-0.026033,0.245914,0.252694,-0.036497,0.278074,0.199163,-0.039057,0.316261,0.164821,-0.038680
F,0.182820,0.826243,-0.000000,0.267762,0.795453,-0.006008,0.336593,0.738808,-0.017357,0.390243,0.694785,-0.036551,0.408516,0.631409,-0.052940,0.287951,0.579259,0.032440,0.340223,0.514367,-0.003490,0.379306,0.550095,-0.038970,0.396106,0.599021,-0.057588,0.264156,0.549986,0.017891,0.310685,0.451621,-0.006134,0.365564,0.430801,-0.025972,0.409314,0.431541,-0.035590,0.231661,0.538489,-0.005196,0.264553,0.426766,-0.018842,0.308853,0.371169,-0.026966,0.347690,0.333728,-0.030892,0.195962,0.548333,-0.031793,0.197493,0.452852,-0.038424,0.217912,0.389791,-0.040924,0.243665,0.337416,-0.041708
F,0.110182,0.801022,-0.000000,0.201866,0.763232,-0.012313,0.276443,0.697758,-0.026972,0.336727,0.646209,-0.048174,0.378828,0.585723,-0.066767,0.227518,0.533910,0.021464,0.286458,0.464814,-0.019697,0.325858,0.496294,-0.058546,0.345095,0.541871,-0.078969,0.198720,0.501991,0.007915,0.256544,0.403081,-0.013576,0.314147,0.359146,-0.034092,0.363845,0.330931,-0.048368,0.160030,0.494227,-0.014911,0.198627,0.381053,-0.032331,0.242029,0.319550,-0.043659,0.284377,0.273293,-0.051335,0.116669,0.508029,-0.041309,0.122055,0.408308,-0.053708,0.144653,0.343332,-0.058823,0.175723,0.288668,-0.061993
F,0.149799,0.680747,-0.000000,0.240295,0.655779,-0.015039,0.313841,0.587925,-0.027379,0.370425,0.527558,-0.045296,0.398291,0.454033,-0.060548,0.267999,0.433156,0.022997,0.320683,0.360697,-0.014949,0.357357,0.385083,-0.050774,0.374019,0.426987,-0.069028,0.239018,0.399282,0.012618,0.287903,0.296379,-0.003923,0.339490,0.247553,-0.020882,0.383800,0.216493,-0.033253,0.201112,0.389616,-0.007509,0.233944,0.277889,-0.022294,0.273303,0.214701,-0.031791,0.311660,0.167588,-0.038315,0.160310,0.398690,-0.031462,0.168528,0.297120,-0.043409,0.190873,0.232489,-0.047840,0.220473,0.178153,-0.050417
F,0.148862,0.687244,0.000000,0.240120,0.668458,-0.019634,0.318917,0.629111,-0.038668,0.388290,0.585772,-0.063063,0.415332,0.517389,-0.085337,0.286161,0.464872,0.011456,0.345751,0.412285,-0.029751,0.383016,0.439904,-0.064617,0.396014,0.485803,-0.081368,0.255904,0.419267,0.002881,0.308945,0.326280,-0.013799,0.355766,0.278751,-0.026515,0.397333,0.241951,-0.035053,0.211422,0.398503,-0.015548,0.241886,0.294742,-0.033301,0.274621,0.228910,-0.041369,0.304859,0.179214,-0.045993,0.163391,0.402972,-0.037772,0.154654,0.303983,-0.054144,0.156723,0.232807,-0.058793,0.161566,0.169858,-0.059940
F,0.189002,0.782496,-0.000000,0.274944,0.769509,-0.014746,0.347787,0.732437,-0.029894,0.403066,0.694787,-0.050740,0.405542,0.633624,-0.068747,0.316885,0.566695,0.017975,0.372203,0.512862,-0.021133,0.399008,0.551653,-0.056166,0.403513,0.602093,-0.073872,0.292073,0.530312,0.007589,0.345681,0.446242,-0.013604,0.395074,0.413431,-0.031254,0.437374,0.394675,-0.041815,0.254068,0.512197,-0.011776,0.293296,0.415223,-0.029919,0.332182,0.361202,-0.039794,0.367383,0.320689,-0.044698,0.211558,0.515450,-0.034726,0.213502,0.424247,-0.047015,0.227279,0.362537,-0.051386,0.245451,0.309211,-0.052843
F,0.178740,0.765220,-0.000000,0.259595,0.743292,-0.014222,0.330356,0.688114,-0.025078,0.388260,0.638189,-0.040574,0.434559,0.587454,-0.054611,0.300334,0.552307,0.019456,0.357530,0.506666,-0.012966,0.397371,0.520748,-0.043615,0.424558,0.548593,-0.060111,0.274894,0.512949,0.008866,0.329273,0.430431,-0.008388,0.378036,0.393123,-0.025720,0.421321,0.369350,-0.037778,0.238350,0.496683,-0.009993,0.274047,0.396718,-0.028179,0.312854,0.342076,-0.039795,0.350247,0.302008,-0.047042,0.196446,0.498656,-0.031797,0.200847,0.408678,-0.046339,0.215577,0.347117,-0.052474,0.237677,0.296641,-0.056077
F,0.186770,0.768077,-0.000000,0.267817,0.738484,-0.012325,0.336754,0.661792,-0.017858,0.391089,0.601223,-0.027928,0.437768,0.554696,-0.036965,0.298207,0.542108,0.024363,0.352201,0.487763,-0.005711,0.395128,0.491230,-0.035829,0.429577,0.509970,-0.052669,0.270940,0.505259,0.013847,0.322066,0.418932,-0.003330,0.369246,0.376591,-0.022705,0.411678,0.349341,-0.036245,0.233665,0.492081,-0.004720,0.266897,0.390196,-0.023608,0.305169,0.333110,-0.038342,0.342865,0.289546,-0.047502,0.191471,0.495869,-0.025919,0.193922,0.403962,-0.040143,0.208180,0.341567,-0.047684,0.231039,0.289452,-0.052812
G,0.095322,0.719652,-0.000001,0.156307,0.644525,0.036589,0.236121,0.611790,0.036630,0.306554,0.613424,0.030094,0.358628,0.621262,0.020144,0.259014,0.537192,-0.012028,0.347425,0.520183,-0.031562,0.404438,0.511132,-0.045715,0.452363,0.505672,-0.057636,0.248040,0.568933,-0.035967,0.351407,0.639657,-0.046097,0.327960,0.683094,-0.034605,0.299652,0.684579,-0.030854,0.235898,0.619943,-0.055842,0.326157,0.690972,-0.057157,0.301070,0.717102,-0.033048,0.273370,0.706550,-0.023080,0.223801,0.673885,-0.073010,0.290557,0.730816,-0.071127,0.271511,0.746549,-0.054987,0.247662,0.731827,-0.046414
G,0.116452,0.663450,-0.000000,0.176072,0.596526,0.022821,0.254146,0.563094,0.019980,0.324062,0.562212,0.011771,0.375244,0.565158,0.001589,0.273968,0.482400,-0.010353,0.360078,0.463173,-0.030728,0.415640,0.453658,-0.043125,0.461548,0.446903,-0.053245,0.263518,0.507637,-0.030159,0.365380,0.578479,-0.049144,0.344734,0.623959,-0.042562,0.316968,0.627511,-0.038657,0.251840,0.553625,-0.048018,0.341347,0.629340,-0.060009,0.318404,0.658816,-0.040346,0.292216,0.649422,-0.029019,0.239804,0.605771,-0.064467,0.306190,0.668408,-0.070639,0.289079,0.686914,-0.058785,0.266091,0.672988,-0.050742
G,0.118433,0.774340,-0.000000,0.174698,0.693057,0.030582,0.255733,0.655204,0.031423,0.326238,0.656731,0.027094,0.374617,0.671398,0.019654,0.281924,0.593780,-0.012447,0.373805,0.580098,-0.029480,0.430980,0.578189,-0.040621,0.477917,0.578088,-0.050304,0.274737,0.630567,-0.033042,0.378289,0.694532,-0.044022,0.351055,0.733505,-0.032849,0.319700,0.730425,-0.027404,0.264869,0.685025,-0.049831,0.353170,0.748579,-0.052426,0.325249,0.773310,-0.029063,0.296329,0.761802,-0.017921,0.253489,0.743379,-0.064413,0.317038,0.793406,-0.064104,0.295641,0.808110,-0.048486,0.270994,0.794775,-0.039150
G,0.139660,0.671926,-0.000000,0.194811,0.593891,0.013379,0.278105,0.555464,0.009106,0.353255,0.559359,0.001192,0.404135,0.569759,-0.008278,0.306601,0.486154,-0.012825,0.395376,0.470795,-0.033415,0.452821,0.465199,-0.045375,0.499799,0.461161,-0.055522,0.298102,0.515539,-0.028532,0.397860,0.590307,-0.051532,0.371223,0.629715,-0.046884,0.341000,0.625925,-0.042908,0.286148,0.564440,-0.043122,0.373148,0.642583,-0.060402,0.346027,0.667618,-0.042469,0.319575,0.654223,-0.030453,0.272179,0.619104,-0.057070,0.338061,0.682978,-0.068044,0.316835,0.698265,-0.058066,0.293061,0.683015,-0.050090
G,0.174841,0.582897,-0.000000,0.229781,0.514357,0.016827,0.305050,0.479532,0.014441,0.374098,0.485204,0.007383,0.419822,0.507572,-0.001470,0.336645,0.414425,-0.008207,0.421262,0.404394,-0.027910,0.474611,0.399906,-0.039852,0.518203,0.396672,-0.049821,0.328817,0.436352,-0.024686,0.424452,0.516978,-0.046565,0.398604,0.558846,-0.042422,0.370572,0.558290,-0.038630,0.317495,0.478305,-0.039972,0.401210,0.562244,-0.056090,0.372900,0.591252,-0.039633,0.345944,0.580235,-0.028658,0.304687,0.527686,-0.054444,0.365291,0.597472,-0.065238,0.344976,0.617113,-0.056765,0.322321,0.604275,-0.049792
G,0.159387,0.533569,-0.000000,0.245944,0.522357,0.011644,0.321685,0.500670,0.001807,0.382430,0.488260,-0.013837,0.430647,0.476978,-0.030244,0.334875,0.370624,-0.008600,0.413786,0.355318,-0.032316,0.466130,0.343448,-0.046696,0.509636,0.330716,-0.058384,0.314685,0.374844,-0.029203,0.412700,0.460750,-0.058078,0.392072,0.513429,-0.055445,0.362964,0.518221,-0.051405,0.295561,0.406530,-0.050251,0.380835,0.502528,-0.072689,0.357432,0.538515,-0.052658,0.330626,0.526189,-0.038008,0.277479,0.450312,-0.071558,0.345449,0.529405,-0.085365,0.328085,0.557680,-0.072953,0.302888,0.544407,-0.062461
G,0.220064,0.679713,-0.000000,0.252672,0.581099,0.025085,0.318153,0.513392,0.023027,0.392011,0.491720,0.018501,0.441443,0.493975,0.010569,0.339007,0.455977,-0.026252,0.434381,0.419227,-0.041964,0.491394,0.401626,-0.049881,0.538826,0.388944,-0.056635,0.351421,0.505932,-0.043711,0.458161,0.526885,-0.051931,0.432592,0.562815,-0.037958,0.399457,0.569643,-0.030374,0.360404,0.567905,-0.056635,0.442762,0.597067,-0.055409,0.412580,0.619556,-0.030888,0.381895,0.616577,-0.019402,0.365840,0.631921,-0.067698,0.421844,0.651174,-0.062746,0.395722,0.667021,-0.044582,0.370701,0.663759,-0.033741
G,0.266279,0.762334,-0.000000,0.283605,0.663437,0.013605,0.337971,0.593388,0.011001,0.407348,0.568666,0.006840,0.452481,0.563696,0.000435,0.356343,0.548208,-0.023273,0.448669,0.499905,-0.036504,0.502354,0.479166,-0.040441,0.546294,0.464791,-0.043374,0.378312,0.598688,-0.035240,0.466866,0.593234,-0.047052,0.445764,0.623820,-0.037291,0.413223,0.637258,-0.029576,0.394270,0.658205,-0.043992,0.458642,0.658952,-0.050019,0.432114,0.683138,-0.030696,0.402957,0.690116,-0.018376,0.405197,0.720194,-0.051568,0.443690,0.714584,-0.052319,0.419091,0.732089,-0.037621,0.395899,0.737513,-0.026588
G,0.284543,0.660905,-0.000000,0.303098,0.562761,0.019742,0.353849,0.491343,0.018524,0.419653,0.461169,0.014925,0.467318,0.459856,0.008548,0.374860,0.439699,-0.023342,0.465872,0.389130,-0.037641,0.520009,0.365832,-0.043024,0.564461,0.350222,-0.047480,0.394222,0.483899,-0.038326,0.491185,0.491610,-0.048588,0.468380,0.527855,-0.036940,0.435989,0.539016,-0.029253,0.409699,0.539742,-0.049752,0.478777,0.562743,-0.051396,0.451780,0.588402,-0.031073,0.423231,0.588563,-0.020759,0.421170,0.599262,-0.059922,0.462453,0.617593,-0.058120,0.437495,0.636708,-0.044057,0.414550,0.636162,-0.034903
G,0.231038,0.742168,-0.000000,0.253128,0.647437,0.011439,0.308581,0.576862,0.004875,0.378041,0.549412,-0.003029,0.422711,0.540638,-0.013093,0.316829,0.522980,-0.028344,0.407834,0.478042,-0.048813,0.464343,0.459253,-0.058283,0.510936,0.446064,-0.065097,0.333010,0.569045,-0.042107,0.435883,0.576648,-0.061523,0.415132,0.613434,-0.054293,0.381568,0.622626,-0.048125,0.347314,0.626077,-0.053290,0.427660,0.645159,-0.065987,0.401420,0.673524,-0.045960,0.370693,0.673913,-0.032559,0.359101,0.686466,-0.063553,0.412987,0.699961,-0.069400,0.388677,0.721227,-0.054960,0.363323,0.720426,-0.043817
G,0.236769,0.687479,-0.000000,0.260203,0.590548,0.012842,0.314025,0.520104,0.006083,0.379942,0.491718,-0.002507,0.423786,0.486398,-0.013113,0.321079,0.460822,-0.026996,0.409449,0.412237,-0.048148,0.463915,0.388184,-0.058578,0.507785,0.369281,-0.066355,0.334700,0.504164,-0.042441,0.439781,0.511395,-0.062824,0.419662,0.550825,-0.055589,0.386378,0.560229,-0.049439,0.348412,0.559346,-0.055559,0.430620,0.581173,-0.068117,0.405875,0.610626,-0.048212,0.376199,0.609362,-0.035424,0.360327,0.617985,-0.067943,0.416514,0.636023,-0.073796,0.392723,0.656847,-0.059883,0.366991,0.654107,-0.049521
H,0.124905,0.634368,-0.000000,0.178254,0.546485,0.024404,0.248594,0.497367,0.011941,0.323755,0.510309,-0.005674,0.381997,0.524305,-0.025170,0.254982,0.401892,-0.032897,0.362932,0.394031,-0.056719,0.423805,0.397686,-0.073488,0.474702,0.397913,-0.086332,0.249154,0.448120,-0.057825,0.373002,0.450949,-0.082272,0.443399,0.459132,-0.096332,0.496724,0.463910,-0.111023,0.246149,0.508239,-0.076068,0.351311,0.553460,-0.081608,0.324740,0.581257,-0.062425,0.292947,0.581644,-0.053819,0.246533,0.570371,-0.093188,0.321842,0.606478,-0.089457,0.299266,0.621526,-0.069533,0.271345,0.612192,-0.057731
H,0.128716,0.635305,-0.000000,0.186871,0.548657,0.044524,0.256382,0.501553,0.033984,0.326589,0.510091,0.014489,0.383164,0.521087,-0.007856,0.257089,0.403394,-0.030183,0.360893,0.390378,-0.050881,0.419787,0.392159,-0.065938,0.469933,0.394091,-0.078631,0.248524,0.451101,-0.064347,0.369604,0.446324,-0.084538,0.438927,0.454838,-0.095899,0.491769,0.461434,-0.111233,0.245311,0.511687,-0.088980,0.349046,0.551355,-0.080298,0.320959,0.579856,-0.053012,0.288448,0.580523,-0.044690,0.247530,0.569768,-0.111594,0.318004,0.604246,-0.094665,0.294874,0.619164,-0.069270,0.266938,0.608760,-0.057376
H,0.182164,0.563644,-0.000000,0.230349,0.475246,0.010477,0.306795,0.427937,-0.002792,0.386456,0.446451,-0.019967,0.441565,0.468435,-0.038312,0.312204,0.343120,-0.028934,0.419111,0.325897,-0.054228,0.478753,0.326410,-0.069954,0.528763,0.327250,-0.080745,0.312281,0.383168,-0.048225,0.432685,0.380645,-0.073357,0.500600,0.386512,-0.086104,0.552855,0.389305,-0.097129,0.311342,0.438857,-0.063992,0.409870,0.494539,-0.078940,0.381781,0.521069,-0.068196,0.350190,0.521659,-0.060687,0.311558,0.500576,-0.079551,0.379321,0.545564,-0.086655,0.354854,0.558940,-0.075048,0.327279,0.549486,-0.066258
H,0.192340,0.590277,0.000000,0.234698,0.500199,0.007724,0.308279,0.448816,-0.003938,0.386094,0.470426,-0.020446,0.437270,0.499984,-0.037086,0.309421,0.366617,-0.020105,0.411071,0.331420,-0.043294,0.469537,0.314952,-0.055833,0.517351,0.302834,-0.063855,0.315612,0.404621,-0.039651,0.430863,0.374670,-0.064710,0.497499,0.355780,-0.079004,0.549329,0.336921,-0.088919,0.320033,0.457303,-0.056812,0.410784,0.509193,-0.076652,0.382966,0.535657,-0.071195,0.353549,0.533797,-0.063768,0.325084,0.518868,-0.073789,0.387489,0.563573,-0.083863,0.360552,0.578182,-0.074450,0.332646,0.568812,-0.065574
H,0.181271,0.600603,-0.000000,0.224925,0.514155,0.002256,0.295282,0.461918,-0.011572,0.369393,0.478443,-0.028640,0.419690,0.508850,-0.046691,0.300018,0.365044,-0.023759,0.407505,0.366096,-0.048335,0.467380,0.370663,-0.065523,0.517807,0.370878,-0.077388,0.300855,0.402144,-0.039870,0.417635,0.416105,-0.064218,0.486653,0.421643,-0.079831,0.542597,0.419749,-0.092617,0.301229,0.455491,-0.054113,0.384561,0.528464,-0.071085,0.356724,0.552115,-0.067389,0.327993,0.547279,-0.064011,0.304829,0.517885,-0.068958,0.362868,0.573518,-0.076522,0.337368,0.588785,-0.067669,0.310046,0.580389,-0.061116
H,0.165899,0.602212,-0.000000,0.216456,0.529918,-0.004067,0.291104,0.492126,-0.020393,0.362736,0.512292,-0.038492,0.412148,0.534563,-0.056863,0.298925,0.375406,-0.025972,0.405715,0.398305,-0.054132,0.464720,0.414302,-0.075997,0.514512,0.423084,-0.091166,0.295726,0.410029,-0.038617,0.407486,0.449114,-0.065996,0.474450,0.469318,-0.083660,0.529414,0.476724,-0.097764,0.292565,0.461818,-0.050420,0.370947,0.548726,-0.068783,0.343612,0.571313,-0.065000,0.315847,0.561628,-0.062018,0.291978,0.524454,-0.063646,0.346022,0.590297,-0.073533,0.320286,0.604420,-0.065715,0.293013,0.589677,-0.059597
H,0.173060,0.654021,-0.000000,0.228082,0.576232,0.006383,0.294874,0.517260,-0.008567,0.368543,0.512497,-0.027977,0.428123,0.522742,-0.048198,0.273015,0.393657,-0.021211,0.378643,0.375963,-0.050363,0.440560,0.371809,-0.071582,0.491418,0.366638,-0.085154,0.269378,0.428929,-0.041726,0.389887,0.419931,-0.068508,0.461267,0.417485,-0.084271,0.516239,0.410867,-0.096811,0.270377,0.480217,-0.060773,0.377842,0.541088,-0.080913,0.361226,0.586218,-0.075209,0.333320,0.598729,-0.069831,0.277543,0.541210,-0.080218,0.358425,0.588109,-0.089479,0.343865,0.619509,-0.078432,0.316741,0.620986,-0.069692
H,0.195767,0.627756,-0.000000,0.237786,0.542697,0.007902,0.304669,0.482732,-0.005162,0.383076,0.481883,-0.022940,0.434791,0.500653,-0.041302,0.293652,0.368987,-0.018279,0.399974,0.342499,-0.045901,0.460813,0.335757,-0.064560,0.510301,0.328417,-0.076690,0.295228,0.396686,-0.037993,0.418085,0.385056,-0.062562,0.483691,0.382573,-0.075170,0.535957,0.371038,-0.085465,0.299476,0.443033,-0.056561,0.408719,0.509269,-0.075804,0.387640,0.553381,-0.072613,0.357687,0.559906,-0.069379,0.310411,0.501379,-0.075445,0.391426,0.558594,-0.086049,0.373959,0.591278,-0.079861,0.346202,0.591197,-0.075111
H,0.164707,0.546372,-0.000000,0.218411,0.471089,0.030933,0.277603,0.419356,0.021769,0.340775,0.413756,0.003031,0.387016,0.420785,-0.017411,0.255162,0.299718,-0.008032,0.354062,0.271606,-0.029150,0.410166,0.263404,-0.045230,0.458128,0.253542,-0.056942,0.253908,0.326083,-0.038777,0.367001,0.309272,-0.057207,0.429162,0.303193,-0.068914,0.479937,0.292803,-0.081201,0.258486,0.369520,-0.065261,0.359340,0.427260,-0.070432,0.339480,0.474583,-0.061006,0.311464,0.487183,-0.058884,0.270788,0.419928,-0.090807,0.343186,0.471493,-0.087111,0.331047,0.507526,-0.074576,0.307606,0.512760,-0.069021
H,0.174838,0.611781,-0.000000,0.205719,0.519200,0.008734,0.274008,0.467509,-0.002542,0.350905,0.484105,-0.016998,0.403475,0.510504,-0.033268,0.278825,0.384996,-0.025360,0.384732,0.374712,-0.043138,0.440409,0.372389,-0.054449,0.486547,0.365183,-0.062629,0.289200,0.431859,-0.041527,0.402897,0.425692,-0.058251,0.463279,0.423254,-0.067360,0.510154,0.414622,-0.076129,0.297522,0.488528,-0.054183,0.381237,0.523333,-0.065670,0.353216,0.548029,-0.059088,0.323786,0.550742,-0.054458,0.305477,0.549297,-0.066280,0.359699,0.572513,-0.071246,0.334857,0.589404,-0.060860,0.308618,0.586892,-0.053052
I,0.156289,0.900313,-0.000001,0.234938,0.872155,-0.019627,0.297771,0.770737,-0.025680,0.328545,0.677555,-0.036029,0.353986,0.605279,-0.039852,0.285140,0.679046,0.021758,0.301916,0.580266,-0.012763,0.293359,0.636704,-0.034666,0.285087,0.694353,-0.040949,0.243763,0.664214,0.018829,0.256258,0.565076,-0.026002,0.251196,0.638069,-0.049669,0.246489,0.699594,-0.051885,0.201540,0.657404,0.009072,0.211015,0.562170,-0.026735,0.211205,0.633420,-0.028557,0.209764,0.698304,-0.016331,0.158266,0.657384,-0.003221,0.165717,0.568452,-0.018186,0.175994,0.516455,-0.019157,0.187545,0.466585,-0.013950
I,0.164463,0.868643,-0.000000,0.245952,0.837497,-0.018942,0.307286,0.738861,-0.024797,0.338183,0.648110,-0.035039,0.365255,0.577523,-0.039262,0.293173,0.649338,0.021867,0.311296,0.550712,-0.012939,0.301704,0.604652,-0.036205,0.291362,0.662029,-0.043635,0.251748,0.634769,0.018209,0.265043,0.532160,-0.026858,0.260827,0.602950,-0.052629,0.255152,0.664932,-0.056746,0.210009,0.627853,0.007847,0.218900,0.531612,-0.027754,0.222850,0.600578,-0.032193,0.222646,0.665578,-0.022289,0.166681,0.628416,-0.005000,0.172723,0.538891,-0.019992,0.182941,0.485580,-0.022406,0.194278,0.435487,-0.018764
I,0.165802,0.802341,-0.000000,0.246844,0.773190,-0.017221,0.307524,0.678860,-0.021410,0.338657,0.592286,-0.029766,0.362805,0.523450,-0.032314,0.293923,0.594016,0.025841,0.310393,0.497203,-0.004277,0.300946,0.546486,-0.025814,0.292247,0.601656,-0.033219,0.252903,0.579260,0.022540,0.265438,0.479081,-0.017585,0.260306,0.545668,-0.043214,0.256910,0.605781,-0.048765,0.212431,0.571643,0.012882,0.221001,0.477167,-0.019018,0.223484,0.539397,-0.025164,0.223016,0.600980,-0.017866,0.168722,0.570221,0.001002,0.174138,0.482774,-0.011858,0.183083,0.430446,-0.014808,0.193830,0.382865,-0.012465
I,0.174971,0.734127,-0.000000,0.259746,0.707610,-0.015758,0.321730,0.616930,-0.017478,0.354075,0.531639,-0.023521,0.380228,0.465233,-0.023873,0.305541,0.534773,0.035172,0.326802,0.440488,0.008479,0.316331,0.484708,-0.013274,0.305204,0.538225,-0.021272,0.264924,0.517888,0.032725,0.282403,0.419976,-0.004398,0.275818,0.483074,-0.033154,0.270798,0.541862,-0.041741,0.226085,0.507946,0.023899,0.237292,0.411196,-0.004693,0.239918,0.467306,-0.014574,0.237336,0.527670,-0.010893,0.182824,0.503057,0.012928,0.190130,0.416330,0.003247,0.201020,0.364419,-0.000898,0.212140,0.318610,-0.000327
I,0.157149,0.883978,-0.000000,0.238543,0.850188,-0.018674,0.296312,0.751361,-0.023496,0.324985,0.661186,-0.032499,0.349370,0.590466,-0.035699,0.278388,0.665586,0.024447,0.294474,0.565916,-0.007497,0.287247,0.617238,-0.029875,0.280019,0.673198,-0.037357,0.237162,0.652542,0.021530,0.247980,0.549136,-0.021121,0.245407,0.618684,-0.047778,0.243430,0.680129,-0.053313,0.196714,0.647184,0.012082,0.203387,0.553262,-0.022051,0.207655,0.619829,-0.028963,0.208282,0.683559,-0.021305,0.153845,0.648717,0.000325,0.156329,0.559934,-0.013407,0.164246,0.506704,-0.017062,0.173833,0.457440,-0.014979
I,0.167225,0.883737,-0.000000,0.246172,0.852115,-0.017847,0.304209,0.754773,-0.022926,0.333269,0.666200,-0.032082,0.356335,0.597486,-0.035380,0.287523,0.672417,0.020870,0.303873,0.573301,-0.010457,0.295917,0.624543,-0.030947,0.287746,0.679735,-0.037281,0.247528,0.659069,0.017895,0.258148,0.559745,-0.022895,0.254605,0.628938,-0.045197,0.250518,0.688631,-0.048061,0.207171,0.652798,0.008583,0.214672,0.558564,-0.023886,0.218144,0.625741,-0.026183,0.218070,0.688325,-0.015910,0.165350,0.653733,-0.003155,0.168359,0.567586,-0.017388,0.176129,0.515318,-0.019483,0.185246,0.465848,-0.015974
I,0.186415,0.802529,-0.000000,0.269536,0.776924,-0.015120,0.325940,0.690449,-0.016365,0.350167,0.603739,-0.022411,0.357521,0.533187,-0.023489,0.301299,0.623430,0.039777,0.315478,0.544991,0.015011,0.302983,0.584940,-0.005641,0.291067,0.630808,-0.013359,0.262082,0.604662,0.037874,0.274891,0.519323,0.001946,0.269424,0.579574,-0.024526,0.263291,0.636770,-0.031027,0.224827,0.592651,0.029193,0.233438,0.504871,-0.001319,0.237525,0.563883,-0.010029,0.235093,0.625326,-0.003735,0.183988,0.585422,0.018470,0.192716,0.507089,0.007204,0.206442,0.459291,0.003301,0.218493,0.419081,0.005130
I,0.209281,0.710018,-0.000000,0.295202,0.679939,-0.013295,0.349446,0.589950,-0.013395,0.370437,0.500243,-0.018475,0.379106,0.429167,-0.019000,0.317784,0.524446,0.041048,0.331068,0.444425,0.016826,0.323127,0.482804,-0.003962,0.314340,0.528858,-0.012046,0.277902,0.507267,0.037812,0.288607,0.417511,0.002220,0.289008,0.475568,-0.025393,0.287301,0.534165,-0.033109,0.240644,0.496976,0.028002,0.246029,0.405651,-0.002601,0.255734,0.462658,-0.013017,0.257531,0.524605,-0.008307,0.198721,0.491598,0.016368,0.204383,0.409671,0.004508,0.217440,0.357702,-0.000407,0.229265,0.314004,0.000284
I,0.195635,0.823780,-0.000000,0.276582,0.788717,-0.016797,0.329444,0.691129,-0.020571,0.347987,0.598604,-0.028850,0.355858,0.525623,-0.031889,0.298674,0.621046,0.029237,0.308926,0.538391,0.000809,0.300233,0.585227,-0.019928,0.291941,0.635690,-0.027204,0.258138,0.608426,0.026649,0.265773,0.522140,-0.011934,0.264772,0.586245,-0.035885,0.261832,0.645179,-0.040438,0.218440,0.602704,0.017420,0.222116,0.510778,-0.014699,0.230327,0.573312,-0.019055,0.232668,0.636396,-0.009771,0.176345,0.602873,0.005849,0.181068,0.520119,-0.008062,0.193443,0.467626,-0.011037,0.204757,0.421430,-0.008011
I,0.176758,0.840732,-0.000000,0.258349,0.805289,-0.018195,0.312346,0.706558,-0.022520,0.331157,0.612859,-0.031373,0.337743,0.539250,-0.034570,0.280914,0.633350,0.029882,0.290318,0.550974,0.000677,0.280936,0.602043,-0.019897,0.272642,0.654765,-0.026579,0.239454,0.621018,0.028049,0.246288,0.535567,-0.011832,0.244295,0.604768,-0.035142,0.242100,0.665614,-0.038340,0.199671,0.616073,0.019254,0.203751,0.525427,-0.014185,0.209927,0.591870,-0.017442,0.211334,0.656466,-0.006477,0.157606,0.616739,0.008018,0.162407,0.534067,-0.006035,0.175306,0.482520,-0.008228,0.187655,0.436321,-0.004097
J,0.259438,0.840539,-0.000001,0.213553,0.746053,0.056368,0.213021,0.654806,0.077541,0.240151,0.593894,0.090151,0.276894,0.573965,0.101043,0.189839,0.582080,0.022164,0.252442,0.504073,0.036995,0.262505,0.545197,0.049210,0.250436,0.575492,0.056869,0.233110,0.591710,-0.003096,0.291086,0.531602,0.021830,0.299434,0.583405,0.037209,0.287385,0.610417,0.040678,0.280049,0.610509,-0.020754,0.329625,0.557967,0.005703,0.332725,0.604931,0.019996,0.317866,0.631681,0.019666,0.329835,0.632458,-0.032861,0.361198,0.531397,-0.018093,0.381680,0.487037,-0.007771,0.394095,0.444519,-0.004255
J,0.253025,0.851503,-0.000001,0.268131,0.759663,0.032034,0.280885,0.669994,0.036468,0.308691,0.604665,0.031129,0.340487,0.583820,0.029979,0.193815,0.571351,0.025493,0.290797,0.505263,0.012436,0.310566,0.568933,0.004722,0.297643,0.608153,0.001049,0.195755,0.585901,-0.001174,0.312738,0.529259,-0.013637,0.322313,0.599750,-0.010772,0.310937,0.631780,-0.008757,0.216680,0.610592,-0.027842,0.324831,0.554626,-0.036151,0.331142,0.626126,-0.024189,0.316838,0.667182,-0.017260,0.251991,0.636138,-0.052937,0.314693,0.540450,-0.062933,0.348617,0.491069,-0.063838,0.369885,0.442005,-0.064320
J,0.257946,0.861049,-0.000001,0.219153,0.798169,0.033498,0.204377,0.708714,0.045918,0.216277,0.633082,0.049432,0.249833,0.603859,0.055381,0.148967,0.633195,0.025775,0.232878,0.541484,0.023279,0.264261,0.592573,0.024604,0.261311,0.635521,0.027118,0.161280,0.632252,0.003722,0.261860,0.554852,0.002301,0.281916,0.613264,0.008657,0.278936,0.648295,0.011682,0.191066,0.639181,-0.016880,0.282159,0.563539,-0.017647,0.300521,0.627621,-0.009288,0.296704,0.668840,-0.006392,0.231963,0.647003,-0.035185,0.276220,0.545482,-0.040792,0.302409,0.494676,-0.042169,0.320107,0.445060,-0.043726
J,0.251441,0.854379,-0.000001,0.205852,0.775499,0.033371,0.195720,0.670753,0.040341,0.220681,0.587701,0.040626,0.258028,0.554551,0.043492,0.149493,0.612860,0.004885,0.233566,0.518558,0.001109,0.254555,0.572883,0.005565,0.243472,0.608424,0.009743,0.176055,0.619453,-0.017718,0.268138,0.538099,-0.018513,0.278826,0.594519,-0.008264,0.269716,0.623633,-0.004760,0.215611,0.631061,-0.036896,0.295063,0.548696,-0.034665,0.303896,0.605505,-0.021825,0.293279,0.641185,-0.018346,0.262277,0.643090,-0.053308,0.304619,0.539257,-0.054370,0.327880,0.487531,-0.051896,0.343174,0.437070,-0.052441
J,0.255343,0.844996,-0.000001,0.201863,0.769877,0.022681,0.190044,0.658320,0.025494,0.214211,0.558779,0.025655,0.248644,0.512108,0.027171,0.153512,0.625905,-0.019848,0.210772,0.520237,-0.022944,0.229353,0.559121,-0.014655,0.222606,0.587146,-0.009009,0.199883,0.634125,-0.035812,0.259971,0.537925,-0.036527,0.273855,0.584593,-0.022978,0.265542,0.611506,-0.017385,0.251696,0.645071,-0.047356,0.304036,0.555325,-0.048421,0.310100,0.599968,-0.033249,0.298288,0.632774,-0.026893,0.305920,0.654913,-0.055692,0.329256,0.550059,-0.059301,0.344094,0.499069,-0.055204,0.351003,0.452697,-0.054265
J,0.207768,0.906285,-0.000001,0.196603,0.803393,0.007716,0.237205,0.684744,-0.003245,0.297071,0.601901,-0.013912,0.349922,0.574822,-0.020912,0.196698,0.632022,-0.056094,0.304335,0.569824,-0.067542,0.314933,0.616258,-0.054695,0.301576,0.642457,-0.046051,0.216761,0.683343,-0.070488,0.338302,0.636841,-0.089692,0.326064,0.691643,-0.073691,0.301156,0.710777,-0.065454,0.250942,0.739982,-0.081218,0.360932,0.687353,-0.101178,0.343518,0.731845,-0.083803,0.317082,0.753512,-0.074254,0.290712,0.794100,-0.089379,0.373459,0.714500,-0.111455,0.418180,0.672982,-0.115999,0.457671,0.629544,-0.120422
K,0.271250,0.832849,0.000000,0.351284,0.760439,-0.014702,0.377968,0.618757,-0.018521,0.360900,0.499451,-0.027370,0.345180,0.412684,-0.034521,0.354458,0.534675,0.002969,0.390003,0.408918,-0.021377,0.408182,0.337268,-0.034485,0.419654,0.272183,-0.042843,0.301355,0.525353,-0.010345,0.323134,0.366059,-0.043944,0.336697,0.276753,-0.065294,0.341019,0.198021,-0.074706,0.248649,0.542694,-0.027222,0.297377,0.455347,-0.077189,0.340025,0.545526,-0.079588,0.359714,0.613001,-0.066089,0.201532,0.574680,-0.045049,0.263965,0.543863,-0.082284,0.305339,0.613104,-0.078262,0.324290,0.663298,-0.065908
K,0.270994,0.875813,0.000001,0.348027,0.808668,-0.028763,0.372766,0.664455,-0.038121,0.338601,0.541650,-0.049662,0.310751,0.456269,-0.059218,0.367079,0.575661,-0.015871,0.399584,0.440616,-0.044405,0.415307,0.354265,-0.060080,0.424529,0.279071,-0.070377,0.307365,0.571551,-0.025846,0.317983,0.418305,-0.063925,0.323147,0.320617,-0.086474,0.319523,0.238834,-0.096759,0.250575,0.600597,-0.039922,0.261682,0.516026,-0.097132,0.290760,0.622719,-0.095104,0.304737,0.699166,-0.076730,0.201531,0.647850,-0.055990,0.231653,0.606153,-0.101725,0.260811,0.687249,-0.093788,0.274480,0.745544,-0.076552
K,0.254842,0.879518,0.000001,0.330429,0.806823,-0.033504,0.345419,0.660531,-0.041644,0.305778,0.533006,-0.050517,0.285136,0.439824,-0.057592,0.350426,0.576852,-0.012391,0.381126,0.447033,-0.038506,0.397727,0.361663,-0.053768,0.408816,0.284998,-0.064542,0.289844,0.573176,-0.019540,0.297184,0.417539,-0.055201,0.297395,0.318113,-0.078430,0.289428,0.234815,-0.089909,0.234167,0.605752,-0.031658,0.235076,0.515173,-0.090845,0.261600,0.622492,-0.092071,0.275038,0.699284,-0.075576,0.186312,0.656331,-0.045777,0.208334,0.609175,-0.096950,0.233295,0.694018,-0.092289,0.245406,0.755346,-0.076628
K,0.290984,0.862745,0.000001,0.365479,0.797567,-0.024249,0.389323,0.660764,-0.031935,0.364043,0.543390,-0.042106,0.352081,0.457947,-0.049706,0.384260,0.577827,-0.011142,0.420985,0.455275,-0.036935,0.442287,0.377687,-0.050327,0.456648,0.308668,-0.058757,0.326092,0.571478,-0.021126,0.332895,0.428166,-0.056138,0.332847,0.336395,-0.076845,0.325245,0.259416,-0.085555,0.270965,0.597061,-0.034668,0.288501,0.534873,-0.086381,0.315978,0.636291,-0.083258,0.329042,0.707751,-0.065115,0.222262,0.639108,-0.050024,0.254595,0.613245,-0.089824,0.283755,0.691188,-0.080311,0.299610,0.746101,-0.062714
K,0.304967,0.838805,0.000001,0.377117,0.779253,-0.024589,0.402716,0.648256,-0.034161,0.376894,0.535205,-0.045853,0.358092,0.452809,-0.055279,0.397374,0.559206,-0.017778,0.433163,0.435558,-0.044148,0.453588,0.356283,-0.057309,0.467090,0.287688,-0.065120,0.339824,0.552472,-0.027012,0.347751,0.408209,-0.061064,0.350912,0.316671,-0.080231,0.346796,0.241139,-0.087926,0.284682,0.576641,-0.039292,0.302905,0.519948,-0.088592,0.332438,0.617477,-0.086053,0.347639,0.687302,-0.068992,0.236640,0.617198,-0.053371,0.268279,0.595570,-0.090667,0.299114,0.669538,-0.081665,0.317460,0.722899,-0.064962
K,0.312338,0.809850,0.000001,0.379431,0.741474,-0.018591,0.397322,0.618733,-0.025763,0.370849,0.514024,-0.036407,0.349187,0.440488,-0.045613,0.386313,0.550011,-0.009253,0.415665,0.433952,-0.032153,0.431187,0.361445,-0.043670,0.440758,0.296715,-0.050762,0.336016,0.547153,-0.019468,0.343036,0.410814,-0.049449,0.345384,0.329206,-0.066468,0.341421,0.261366,-0.073623,0.287292,0.570953,-0.032604,0.308337,0.498884,-0.078163,0.337147,0.584177,-0.076638,0.350646,0.650830,-0.061550,0.244172,0.609211,-0.046956,0.278686,0.572536,-0.081178,0.310744,0.634201,-0.073879,0.328474,0.684050,-0.059614
K,0.310870,0.831251,0.000001,0.379264,0.772700,-0.022389,0.400532,0.645509,-0.030762,0.371409,0.536332,-0.041266,0.346661,0.459332,-0.050453,0.393894,0.570217,-0.015864,0.425530,0.449990,-0.039517,0.442447,0.374358,-0.050886,0.453290,0.308329,-0.057953,0.341163,0.566055,-0.024973,0.351282,0.426209,-0.055675,0.356265,0.341526,-0.072804,0.353926,0.272024,-0.080166,0.290399,0.590081,-0.036971,0.306560,0.514391,-0.084374,0.333577,0.604384,-0.082872,0.346295,0.672264,-0.067692,0.245448,0.628993,-0.050216,0.278626,0.596133,-0.087538,0.307369,0.665595,-0.080586,0.321860,0.718080,-0.066141
L,0.192848,0.756852,-0.000000,0.298920,0.700775,-0.017202,0.375140,0.643303,-0.026006,0.443271,0.584016,-0.038540,0.495856,0.551154,-0.049200,0.326721,0.469818,0.018772,0.340730,0.354189,-0.008312,0.346175,0.287932,-0.028298,0.345767,0.227106,-0.041607,0.281610,0.466243,0.013720,0.297066,0.362114,-0.029462,0.291171,0.469233,-0.032261,0.279326,0.526939,-0.019512,0.230164,0.482288,0.002519,0.244140,0.409751,-0.039291,0.242417,0.517089,-0.018603,0.234219,0.554688,0.010109,0.177518,0.515388,-0.010556,0.188423,0.444617,-0.026575,0.202444,0.522417,-0.001920,0.199163,0.553117,0.022457
L,0.211311,0.781699,-0.000000,0.308663,0.727961,-0.029426,0.390933,0.650045,-0.045208,0.459759,0.580349,-0.063010,0.514578,0.540563,-0.079476,0.337207,0.468529,-0.000783,0.343834,0.348954,-0.029673,0.346207,0.277594,-0.048504,0.343968,0.214450,-0.061905,0.285459,0.473626,-0.006528,0.294414,0.365997,-0.055967,0.293188,0.478868,-0.060938,0.286634,0.537199,-0.048431,0.231373,0.497331,-0.018995,0.237420,0.425120,-0.070105,0.242149,0.534249,-0.052890,0.242778,0.573040,-0.025148,0.178049,0.533640,-0.034127,0.183682,0.464420,-0.060346,0.199103,0.541744,-0.040220,0.202664,0.574302,-0.017767
L,0.221989,0.810903,-0.000000,0.314610,0.772596,-0.025047,0.403997,0.704379,-0.044321,0.479936,0.654215,-0.067168,0.538714,0.636644,-0.089723,0.352683,0.519640,-0.006536,0.368501,0.397095,-0.037430,0.377071,0.323981,-0.054253,0.377948,0.259971,-0.065901,0.303336,0.518765,-0.016637,0.327144,0.407457,-0.070389,0.327920,0.516173,-0.074331,0.315908,0.569031,-0.059865,0.248609,0.535617,-0.032315,0.267312,0.471087,-0.084621,0.268481,0.578189,-0.064314,0.259405,0.611112,-0.034090,0.192889,0.565373,-0.050321,0.213015,0.505632,-0.074491,0.224826,0.585141,-0.050816,0.219391,0.615618,-0.026094
L,0.230045,0.821961,-0.000000,0.318819,0.766599,-0.038839,0.396372,0.678416,-0.060924,0.463215,0.601250,-0.083502,0.517948,0.548136,-0.103950,0.349951,0.497216,-0.014701,0.350883,0.375527,-0.051424,0.351622,0.299421,-0.073517,0.348251,0.229186,-0.088730,0.294824,0.507554,-0.019435,0.295520,0.401547,-0.076922,0.298101,0.517619,-0.083147,0.298584,0.568589,-0.070417,0.238094,0.535441,-0.031817,0.238463,0.469887,-0.088849,0.247715,0.578863,-0.069875,0.254316,0.606331,-0.040346,0.185062,0.573650,-0.047913,0.187728,0.511242,-0.077174,0.204830,0.589383,-0.056234,0.211248,0.614726,-0.032795
L,0.215144,0.809062,0.000000,0.301657,0.764252,-0.033576,0.385076,0.703261,-0.060719,0.465626,0.673670,-0.089823,0.526364,0.664998,-0.118270,0.343206,0.504391,-0.021757,0.351401,0.381377,-0.057695,0.355510,0.304658,-0.078723,0.353371,0.237335,-0.093004,0.290616,0.508489,-0.028893,0.301147,0.399427,-0.083786,0.304729,0.507500,-0.088402,0.300290,0.558701,-0.075593,0.234384,0.531038,-0.042046,0.241519,0.468877,-0.095788,0.249220,0.572752,-0.077535,0.250487,0.604496,-0.049435,0.180449,0.564062,-0.058146,0.189425,0.505282,-0.083547,0.205254,0.581791,-0.060910,0.208829,0.612729,-0.037371
L,0.216881,0.813365,0.000000,0.307139,0.765113,-0.040987,0.390250,0.702339,-0.067912,0.473057,0.660801,-0.095233,0.534722,0.644640,-0.120815,0.353009,0.503460,-0.017798,0.360826,0.384187,-0.053437,0.363251,0.310575,-0.076441,0.360326,0.243624,-0.092683,0.299113,0.506902,-0.020419,0.303607,0.398535,-0.076524,0.301353,0.507778,-0.084262,0.299505,0.562541,-0.073304,0.241446,0.530013,-0.030315,0.240684,0.464837,-0.085446,0.245290,0.569098,-0.070137,0.252353,0.604068,-0.043374,0.187812,0.564602,-0.043968,0.187729,0.501922,-0.071678,0.203077,0.577074,-0.052675,0.212446,0.608029,-0.031113
L,0.204742,0.782112,0.000000,0.294851,0.763083,-0.034929,0.389613,0.719224,-0.060093,0.473962,0.703833,-0.086638,0.533253,0.704207,-0.112388,0.366696,0.515289,-0.018896,0.391238,0.397763,-0.051577,0.404604,0.324800,-0.069117,0.410552,0.260337,-0.081281,0.316792,0.505937,-0.023705,0.347080,0.410651,-0.074718,0.334863,0.514342,-0.075958,0.320839,0.555425,-0.061118,0.260315,0.512661,-0.035189,0.279164,0.464384,-0.085390,0.269930,0.564912,-0.066277,0.263596,0.586203,-0.038400,0.203338,0.529271,-0.050031,0.222991,0.483339,-0.073462,0.226035,0.560761,-0.051992,0.221203,0.583875,-0.029646
M,0.231896,0.795296,-0.000001,0.302450,0.742112,-0.020777,0.314338,0.629600,-0.033195,0.256300,0.548272,-0.046327,0.214519,0.486210,-0.058800,0.323344,0.571822,-0.006052,0.347942,0.499876,-0.039379,0.337788,0.565054,-0.065598,0.320271,0.629235,-0.079258,0.275509,0.555650,-0.012228,0.307666,0.458039,-0.044530,0.302167,0.527683,-0.065756,0.286768,0.596163,-0.073937,0.224125,0.559937,-0.023331,0.244582,0.441127,-0.056196,0.250314,0.508909,-0.066748,0.247729,0.576990,-0.068342,0.174177,0.579846,-0.035560,0.210504,0.534951,-0.063904,0.225733,0.603174,-0.067636,0.228302,0.660433,-0.066256
M,0.232767,0.778635,-0.000001,0.304542,0.727651,-0.018364,0.316219,0.617020,-0.028501,0.259738,0.535352,-0.039863,0.217737,0.475379,-0.050515,0.324723,0.561987,-0.000176,0.348607,0.487666,-0.029848,0.337816,0.550955,-0.053578,0.319944,0.613285,-0.065840,0.277958,0.545754,-0.006529,0.308169,0.448402,-0.035273,0.302528,0.516419,-0.055199,0.287345,0.583116,-0.062695,0.227297,0.549287,-0.017720,0.246764,0.429617,-0.047968,0.251672,0.494852,-0.058443,0.248138,0.561333,-0.060177,0.177570,0.568335,-0.029858,0.213110,0.522628,-0.056466,0.227965,0.589818,-0.059894,0.230152,0.647262,-0.058357
M,0.237646,0.784784,-0.000001,0.306760,0.730468,-0.018606,0.317781,0.621778,-0.029179,0.262063,0.542512,-0.041150,0.220079,0.483066,-0.052408,0.325455,0.565375,-0.000639,0.349248,0.491456,-0.031678,0.339796,0.555047,-0.056460,0.322939,0.617676,-0.069282,0.278942,0.550393,-0.007355,0.309500,0.453328,-0.037393,0.305156,0.521870,-0.058078,0.290773,0.588513,-0.065927,0.228714,0.555273,-0.018963,0.247775,0.439034,-0.049841,0.254194,0.505343,-0.060060,0.252175,0.571916,-0.061469,0.179622,0.575709,-0.031668,0.213702,0.529979,-0.057884,0.229459,0.596389,-0.060752,0.232578,0.653500,-0.058869
M,0.269146,0.774563,-0.000001,0.336761,0.718983,-0.016944,0.347684,0.607915,-0.026986,0.293175,0.530870,-0.039041,0.254947,0.470284,-0.050667,0.351811,0.551347,-0.001264,0.378505,0.482614,-0.033569,0.373729,0.548049,-0.059041,0.359008,0.613568,-0.071924,0.306639,0.537061,-0.009053,0.338985,0.443002,-0.040542,0.338551,0.510996,-0.060601,0.325837,0.579732,-0.067684,0.257953,0.542563,-0.021791,0.278030,0.427607,-0.052791,0.286995,0.493925,-0.061599,0.285664,0.561538,-0.062033,0.209732,0.562961,-0.035684,0.244774,0.515732,-0.061303,0.261263,0.580315,-0.063327,0.263887,0.636292,-0.060894
M,0.233909,0.726005,-0.000001,0.306288,0.674927,-0.017169,0.319212,0.567138,-0.026636,0.265024,0.488463,-0.037615,0.225092,0.428710,-0.048088,0.323491,0.510353,0.001039,0.347970,0.439276,-0.028725,0.339233,0.501302,-0.052785,0.322476,0.563089,-0.065155,0.277600,0.495793,-0.005706,0.308413,0.401010,-0.034049,0.304870,0.467590,-0.053795,0.290137,0.533938,-0.061171,0.227908,0.500626,-0.017234,0.248864,0.385076,-0.047044,0.255223,0.451299,-0.056958,0.251653,0.517680,-0.058208,0.178590,0.520598,-0.029671,0.215906,0.478308,-0.055911,0.231094,0.543948,-0.059107,0.232624,0.599101,-0.057234
M,0.295233,0.669732,-0.000001,0.364035,0.617267,-0.014781,0.375596,0.509450,-0.024217,0.319793,0.439118,-0.036063,0.276100,0.386837,-0.048391,0.370641,0.456310,-0.002549,0.398733,0.391249,-0.034432,0.400857,0.450846,-0.059532,0.388541,0.515495,-0.072182,0.327461,0.443038,-0.011215,0.359243,0.349689,-0.042403,0.365625,0.409077,-0.063040,0.355192,0.477216,-0.070725,0.280730,0.448059,-0.024360,0.300924,0.335094,-0.055730,0.314684,0.395169,-0.066947,0.314157,0.462197,-0.068985,0.234594,0.467604,-0.038298,0.273364,0.420701,-0.065464,0.291896,0.483121,-0.069346,0.292501,0.540972,-0.067977
M,0.320870,0.801136,-0.000001,0.384881,0.743279,-0.016032,0.393056,0.635439,-0.028229,0.335333,0.572203,-0.041728,0.291670,0.518886,-0.055554,0.386515,0.576760,-0.010352,0.421248,0.516781,-0.044597,0.428991,0.581051,-0.070039,0.420758,0.644981,-0.082687,0.343372,0.565595,-0.017791,0.384862,0.480715,-0.052102,0.394960,0.550038,-0.071492,0.388546,0.621876,-0.077800,0.296653,0.569375,-0.029389,0.327707,0.462630,-0.062287,0.345727,0.529301,-0.071389,0.348688,0.597053,-0.072021,0.248825,0.586393,-0.041647,0.298171,0.549848,-0.069281,0.319797,0.620349,-0.072181,0.322294,0.680266,-0.070070
M,0.267139,0.741642,-0.000001,0.320416,0.704115,-0.032071,0.328933,0.583754,-0.044068,0.271290,0.510502,-0.052908,0.230977,0.455850,-0.058523,0.352511,0.532486,-0.021222,0.340018,0.463036,-0.050060,0.317777,0.534048,-0.069339,0.311061,0.595043,-0.079684,0.305217,0.511841,-0.020410,0.305290,0.420649,-0.051116,0.284613,0.505778,-0.066684,0.282150,0.569043,-0.070575,0.258468,0.511671,-0.024610,0.247706,0.404094,-0.056808,0.237741,0.482299,-0.062850,0.246508,0.543750,-0.061160,0.215830,0.529142,-0.030802,0.212550,0.484284,-0.058853,0.217307,0.550612,-0.061888,0.233054,0.600324,-0.060225
M,0.262662,0.656686,-0.000000,0.326775,0.608201,-0.024196,0.335617,0.501718,-0.034683,0.277348,0.424732,-0.044565,0.237115,0.366441,-0.053243,0.351887,0.461380,0.001305,0.360594,0.395011,-0.025455,0.343902,0.447284,-0.050166,0.329908,0.506356,-0.064005,0.306765,0.442911,0.000140,0.326581,0.358483,-0.026188,0.312076,0.416614,-0.048867,0.299765,0.478877,-0.059513,0.259806,0.442156,-0.006359,0.264897,0.334662,-0.034601,0.262654,0.387096,-0.049384,0.262399,0.448631,-0.054916,0.216164,0.455430,-0.014383,0.231522,0.413599,-0.039914,0.238124,0.472579,-0.046310,0.242495,0.526273,-0.047663
M,0.336128,0.654420,-0.000000,0.400680,0.612607,-0.019987,0.410828,0.510171,-0.030495,0.357557,0.436337,-0.041639,0.317976,0.380620,-0.051914,0.418781,0.461917,-0.004509,0.439557,0.396680,-0.032985,0.429309,0.453884,-0.055575,0.413300,0.512819,-0.067340,0.376856,0.445850,-0.008930,0.401925,0.360597,-0.036146,0.395971,0.420357,-0.054692,0.382886,0.482031,-0.062304,0.331423,0.447653,-0.018172,0.343767,0.340896,-0.044695,0.348292,0.396018,-0.055440,0.346427,0.456471,-0.058852,0.287558,0.462856,-0.028781,0.314794,0.423229,-0.051293,0.325920,0.478026,-0.056169,0.326189,0.525879,-0.057113
N,0.243108,0.802772,-0.000000,0.311361,0.758023,-0.008252,0.342523,0.667009,-0.014774,0.311114,0.590378,-0.026680,0.269674,0.538866,-0.037299,0.321194,0.626809,0.005479,0.341691,0.557054,-0.028466,0.339547,0.595591,-0.051521,0.329622,0.650456,-0.059832,0.280831,0.613780,-0.005063,0.304670,0.526191,-0.041283,0.311022,0.566257,-0.057867,0.307018,0.628613,-0.057237,0.237167,0.611493,-0.019968,0.263886,0.575796,-0.054278,0.270741,0.656128,-0.053428,0.270896,0.723808,-0.039780,0.190368,0.619787,-0.035876,0.224884,0.590269,-0.051718,0.238686,0.648077,-0.039964,0.242077,0.699129,-0.024554
N,0.245336,0.776916,-0.000000,0.317075,0.732929,-0.008710,0.349419,0.640398,-0.014576,0.317960,0.564318,-0.025789,0.275359,0.515395,-0.035588,0.331906,0.603934,0.007274,0.352117,0.533133,-0.026334,0.346588,0.569398,-0.049741,0.334186,0.624305,-0.058066,0.290809,0.589435,-0.002786,0.313316,0.502147,-0.038436,0.317315,0.540757,-0.055775,0.311525,0.602937,-0.055527,0.246728,0.586333,-0.017399,0.270777,0.551222,-0.051411,0.274642,0.631554,-0.051595,0.273147,0.699512,-0.038369,0.200308,0.593781,-0.033064,0.232445,0.564919,-0.049123,0.244018,0.623326,-0.037998,0.246433,0.674936,-0.022783
N,0.232461,0.768162,-0.000000,0.303674,0.721762,-0.012832,0.332433,0.625947,-0.020722,0.295656,0.550393,-0.032970,0.248520,0.504847,-0.043074,0.316473,0.587440,0.001569,0.332393,0.510961,-0.035372,0.324195,0.554047,-0.059629,0.313132,0.609926,-0.068011,0.273641,0.577108,-0.007351,0.289283,0.484538,-0.046525,0.291376,0.529598,-0.063033,0.287340,0.591149,-0.061197,0.229255,0.579228,-0.021300,0.246284,0.538368,-0.058589,0.251708,0.624149,-0.056921,0.253576,0.692143,-0.041267,0.183251,0.592721,-0.036574,0.209464,0.559748,-0.054822,0.220211,0.620245,-0.042885,0.223159,0.670378,-0.026359
N,0.241695,0.763874,-0.000000,0.311942,0.721636,-0.012957,0.342781,0.624879,-0.021263,0.309146,0.548063,-0.033680,0.263769,0.499275,-0.044227,0.326945,0.584746,-0.001720,0.344741,0.509586,-0.038572,0.338640,0.549021,-0.062935,0.327321,0.606801,-0.071420,0.284821,0.572128,-0.010288,0.304119,0.481298,-0.048291,0.307359,0.522306,-0.064788,0.302200,0.585002,-0.063608,0.240520,0.572045,-0.023568,0.262706,0.535758,-0.059354,0.266696,0.619179,-0.057944,0.265752,0.686228,-0.043370,0.194126,0.582535,-0.038166,0.225720,0.555450,-0.055761,0.235469,0.615614,-0.044172,0.235760,0.664201,-0.028318
N,0.247862,0.750547,-0.000000,0.315912,0.707527,-0.009789,0.346293,0.609747,-0.015894,0.311728,0.534001,-0.026838,0.266918,0.486085,-0.036617,0.322196,0.570247,0.003626,0.340404,0.498313,-0.030507,0.339498,0.534228,-0.053672,0.330836,0.589439,-0.062052,0.280886,0.559081,-0.006061,0.300522,0.468324,-0.042826,0.308495,0.505582,-0.059823,0.306700,0.566817,-0.059295,0.237214,0.560094,-0.020126,0.263214,0.520269,-0.055707,0.270299,0.601614,-0.054988,0.270968,0.669381,-0.041017,0.190939,0.571949,-0.035175,0.225378,0.539655,-0.053679,0.238811,0.599925,-0.042834,0.241578,0.651903,-0.027501
N,0.225049,0.767129,-0.000000,0.296669,0.725993,-0.013541,0.328189,0.630762,-0.021343,0.293576,0.553445,-0.032929,0.247643,0.505518,-0.042681,0.312219,0.591589,-0.000965,0.329852,0.516035,-0.036845,0.323014,0.552942,-0.060519,0.312108,0.607085,-0.068857,0.270818,0.579191,-0.008808,0.288176,0.489210,-0.046041,0.291365,0.528643,-0.062109,0.287555,0.588815,-0.060886,0.227452,0.579352,-0.021467,0.246945,0.540180,-0.057249,0.250743,0.622395,-0.055795,0.250469,0.688652,-0.041251,0.181446,0.590896,-0.035525,0.210064,0.561787,-0.054677,0.219765,0.622719,-0.044269,0.220891,0.672524,-0.029008
N,0.213085,0.770085,-0.000000,0.287341,0.725150,-0.012002,0.317416,0.632026,-0.018733,0.283451,0.553697,-0.030023,0.236648,0.507775,-0.038962,0.307530,0.592570,0.005674,0.321514,0.514592,-0.030981,0.308670,0.551389,-0.056035,0.295518,0.605482,-0.064985,0.264530,0.579998,-0.003479,0.277247,0.487261,-0.041234,0.275913,0.529052,-0.058036,0.271946,0.589868,-0.057013,0.220109,0.581499,-0.017856,0.230740,0.535814,-0.055178,0.233347,0.619132,-0.053464,0.235627,0.687569,-0.037998,0.174132,0.595898,-0.033588,0.193324,0.559521,-0.053182,0.201796,0.618840,-0.041832,0.205771,0.670406,-0.025512
O,0.198822,0.759292,-0.000001,0.288431,0.699768,0.047223,0.340997,0.623899,0.062484,0.381093,0.576092,0.056755,0.401018,0.522380,0.050967,0.251497,0.503203,0.104314,0.296294,0.433949,0.097139,0.349432,0.448536,0.078850,0.380137,0.485597,0.066811,0.229042,0.491492,0.061911,0.289442,0.405956,0.055703,0.355673,0.428252,0.035315,0.386786,0.476571,0.021612,0.217166,0.492651,0.014882,0.278562,0.402775,0.005932,0.350244,0.429654,-0.005018,0.384510,0.476645,-0.011742,0.223335,0.505769,-0.030576,0.282100,0.429893,-0.037145,0.340591,0.441342,-0.038326,0.375187,0.475951,-0.038822
O,0.181305,0.715783,-0.000001,0.269099,0.670967,0.026109,0.325721,0.602276,0.035639,0.365746,0.552133,0.029438,0.382430,0.498226,0.024833,0.251475,0.483660,0.085645,0.287080,0.416313,0.074821,0.333514,0.429836,0.055554,0.361477,0.461289,0.043393,0.227919,0.469458,0.055291,0.274574,0.382090,0.042689,0.332387,0.401993,0.022295,0.362445,0.447491,0.011036,0.209547,0.465733,0.018832,0.260632,0.373955,0.003715,0.324473,0.397996,-0.008205,0.357164,0.443691,-0.012594,0.203245,0.473082,-0.017495,0.258809,0.398279,-0.028394,0.314627,0.410378,-0.031226,0.348826,0.445551,-0.031240
O,0.210602,0.801186,-0.000001,0.297671,0.747655,0.023806,0.352527,0.674381,0.026854,0.393542,0.626759,0.015303,0.407127,0.577321,0.005434,0.266621,0.552079,0.062521,0.312453,0.484551,0.042556,0.364858,0.505304,0.019454,0.394488,0.546349,0.005787,0.244054,0.542675,0.032363,0.306806,0.458754,0.014591,0.370058,0.487054,-0.006063,0.398302,0.537958,-0.018222,0.229717,0.545388,-0.002754,0.290509,0.455217,-0.019637,0.359417,0.483582,-0.030814,0.391706,0.533002,-0.035726,0.232140,0.561654,-0.037653,0.287918,0.485995,-0.049138,0.342225,0.496391,-0.052032,0.373761,0.532143,-0.052323
O,0.165147,0.802781,-0.000001,0.254202,0.753976,0.036251,0.312026,0.686322,0.048652,0.352495,0.638823,0.042906,0.367079,0.588015,0.038035,0.237060,0.568216,0.095997,0.273926,0.499906,0.087354,0.320258,0.515983,0.068375,0.349315,0.549838,0.055914,0.213840,0.555853,0.060288,0.262531,0.471573,0.049222,0.321144,0.495625,0.026862,0.350883,0.541925,0.013608,0.196414,0.553722,0.019350,0.247660,0.465753,0.006408,0.311310,0.494066,-0.006602,0.343480,0.541096,-0.012595,0.191178,0.562914,-0.020598,0.245961,0.492582,-0.028928,0.300848,0.507831,-0.031333,0.334061,0.543879,-0.031707
O,0.162658,0.665338,-0.000000,0.243856,0.642458,0.014026,0.305070,0.593371,0.019648,0.345906,0.547851,0.012394,0.346245,0.497546,0.007017,0.252420,0.474520,0.075414,0.285381,0.417725,0.065308,0.319801,0.434308,0.046225,0.338120,0.465396,0.034397,0.234468,0.454712,0.054948,0.275656,0.379191,0.040612,0.319607,0.405445,0.018397,0.337384,0.454592,0.007613,0.215323,0.441881,0.028555,0.258876,0.358627,0.015387,0.308397,0.391376,0.002202,0.327814,0.443863,-0.001579,0.197781,0.437909,0.001445,0.240351,0.365851,-0.004956,0.287913,0.382122,-0.007657,0.314154,0.424347,-0.007153
O,0.246308,0.703244,-0.000001,0.330442,0.666310,0.023571,0.384607,0.602230,0.031908,0.424444,0.555403,0.025999,0.443708,0.505083,0.021210,0.312841,0.482782,0.075726,0.354640,0.423694,0.066542,0.399555,0.440238,0.049257,0.425412,0.471723,0.038335,0.289804,0.464774,0.048373,0.345723,0.386200,0.039272,0.401444,0.412520,0.021867,0.428452,0.459217,0.011728,0.273147,0.458471,0.015751,0.330526,0.371483,0.003429,0.392741,0.402306,-0.007055,0.422086,0.450117,-0.011326,0.270190,0.464249,-0.016631,0.327451,0.389946,-0.025462,0.380561,0.406148,-0.026772,0.411361,0.445943,-0.026093
O,0.245100,0.827950,-0.000001,0.326672,0.806382,0.012483,0.390984,0.751553,0.017306,0.434760,0.709162,0.009958,0.452104,0.661091,0.005018,0.352217,0.623766,0.064373,0.394479,0.567364,0.046621,0.429105,0.594522,0.024366,0.445356,0.636005,0.012642,0.334348,0.605794,0.043624,0.384482,0.532973,0.024891,0.426989,0.567482,0.003937,0.442130,0.623709,-0.004868,0.313233,0.595737,0.016850,0.358893,0.513900,0.001487,0.407084,0.546714,-0.009059,0.425782,0.599902,-0.010418,0.291378,0.592618,-0.011030,0.332290,0.517261,-0.018427,0.379267,0.524091,-0.020203,0.406619,0.557286,-0.018192
O,0.246607,0.822752,-0.000001,0.327944,0.736435,0.059382,0.362926,0.659071,0.071733,0.395472,0.611334,0.063261,0.418680,0.561939,0.051761,0.251626,0.563855,0.069269,0.307724,0.480760,0.054269,0.363691,0.497408,0.036794,0.392952,0.535123,0.025822,0.233314,0.568643,0.020278,0.306674,0.465861,0.007073,0.375117,0.490528,-0.008084,0.401496,0.536298,-0.018691,0.231897,0.584121,-0.029167,0.298422,0.479172,-0.040705,0.368468,0.498631,-0.044031,0.399503,0.535738,-0.047004,0.248738,0.604459,-0.075078,0.300530,0.519746,-0.086770,0.353568,0.515236,-0.087400,0.385573,0.531856,-0.087367
O,0.240691,0.799681,-0.000001,0.311856,0.704239,0.084848,0.336386,0.625865,0.110531,0.363901,0.573267,0.110354,0.391488,0.521537,0.105241,0.223482,0.544919,0.104800,0.280065,0.456695,0.106335,0.334546,0.462731,0.097276,0.363809,0.495801,0.090605,0.212131,0.545093,0.047528,0.279399,0.436038,0.054762,0.345249,0.453768,0.047695,0.372655,0.494544,0.039970,0.217523,0.554725,-0.008358,0.277287,0.438213,-0.001596,0.341597,0.455724,0.003755,0.369611,0.491634,0.002968,0.241308,0.566820,-0.059232,0.290972,0.475325,-0.057048,0.339786,0.472577,-0.049026,0.367969,0.490971,-0.044542
O,0.249289,0.718674,-0.000001,0.327611,0.674892,0.049946,0.370297,0.611604,0.072929,0.402370,0.564773,0.075800,0.421574,0.514467,0.077230,0.299534,0.509379,0.118231,0.336984,0.445055,0.124894,0.378333,0.455964,0.114281,0.400891,0.487054,0.106530,0.278781,0.491428,0.080876,0.330769,0.414525,0.085791,0.383127,0.436525,0.068130,0.405586,0.482275,0.056160,0.266557,0.483585,0.039631,0.319370,0.400228,0.040596,0.376833,0.426500,0.030428,0.402611,0.469463,0.023625,0.267080,0.483925,0.000418,0.317120,0.407918,0.001607,0.366694,0.419463,0.003178,0.395728,0.454283,0.004032
O,0.243810,0.868205,-0.000001,0.325074,0.797550,0.039659,0.366140,0.711984,0.050433,0.399525,0.661033,0.043483,0.418524,0.612843,0.036339,0.266436,0.609557,0.072536,0.312483,0.533341,0.060178,0.362975,0.545024,0.043137,0.390125,0.583573,0.032792,0.243555,0.605971,0.034453,0.308517,0.514142,0.023106,0.370260,0.534092,0.007539,0.396528,0.582350,-0.001981,0.235029,0.613743,-0.007031,0.296509,0.511733,-0.020115,0.363953,0.529916,-0.027312,0.394349,0.573274,-0.030724,0.247207,0.628640,-0.046934,0.299718,0.539804,-0.059534,0.352304,0.539559,-0.061546,0.383430,0.569213,-0.061286
P,0.132202,0.662336,-0.000001,0.233484,0.648057,0.004773,0.303761,0.585968,0.000322,0.348216,0.533321,-0.011522,0.384331,0.489407,-0.023692,0.299805,0.451682,0.005097,0.384470,0.431440,-0.021885,0.433772,0.424614,-0.040949,0.480117,0.419197,-0.053453,0.273386,0.437913,-0.015754,0.373609,0.490831,-0.056095,0.418766,0.558610,-0.071714,0.448241,0.608621,-0.075659,0.245489,0.450271,-0.038375,0.330931,0.549661,-0.075061,0.294673,0.605810,-0.066934,0.257281,0.620819,-0.053028,0.221986,0.483770,-0.061969,0.292300,0.557719,-0.085044,0.267379,0.597831,-0.074731,0.234753,0.598722,-0.061254
P,0.141819,0.644077,-0.000001,0.239272,0.627768,0.003685,0.308779,0.567001,-0.000385,0.354458,0.512654,-0.011606,0.394094,0.471028,-0.023445,0.302980,0.439011,0.005594,0.388530,0.419326,-0.020818,0.439303,0.412635,-0.039379,0.485952,0.406837,-0.051428,0.279804,0.425632,-0.013886,0.375646,0.486799,-0.053695,0.413527,0.557272,-0.068920,0.437327,0.606335,-0.072501,0.255059,0.437135,-0.035181,0.336364,0.535774,-0.071322,0.299484,0.591875,-0.063488,0.262738,0.606547,-0.049989,0.233687,0.468933,-0.057549,0.301883,0.541159,-0.080371,0.276416,0.580035,-0.070489,0.243075,0.580429,-0.057288
P,0.130914,0.630279,-0.000001,0.226390,0.607540,0.002492,0.290171,0.543364,-0.001379,0.329337,0.484976,-0.012475,0.363425,0.440281,-0.023986,0.281044,0.419161,0.009020,0.358769,0.391622,-0.017407,0.406887,0.380908,-0.036343,0.451462,0.373486,-0.048416,0.254913,0.404539,-0.010124,0.346044,0.455526,-0.049241,0.386088,0.523527,-0.064183,0.411812,0.571983,-0.067140,0.226746,0.413664,-0.031729,0.308860,0.500948,-0.067019,0.277154,0.561711,-0.058449,0.244159,0.580002,-0.044314,0.201834,0.444302,-0.054731,0.270990,0.508609,-0.076034,0.249613,0.549479,-0.065259,0.219157,0.551964,-0.051544
P,0.126447,0.686006,-0.000001,0.223574,0.654782,0.009817,0.288548,0.584032,0.007551,0.329173,0.522845,-0.003941,0.364619,0.473976,-0.016269,0.269737,0.457020,0.015695,0.349979,0.422150,-0.008208,0.397732,0.406516,-0.025218,0.443002,0.392035,-0.036988,0.244415,0.445089,-0.008152,0.345077,0.488943,-0.048039,0.385911,0.559465,-0.062637,0.410361,0.609820,-0.065109,0.219151,0.458222,-0.033790,0.310823,0.539375,-0.069280,0.278911,0.601585,-0.060135,0.243451,0.618878,-0.045995,0.198911,0.491586,-0.060120,0.275371,0.549059,-0.082770,0.252849,0.591656,-0.072226,0.218664,0.593875,-0.058749
P,0.134483,0.704556,-0.000001,0.231038,0.665022,0.015154,0.290550,0.592559,0.013402,0.329545,0.530174,0.000661,0.364473,0.480318,-0.013077,0.267363,0.465783,0.024118,0.347083,0.429516,0.000490,0.397293,0.416211,-0.016768,0.442875,0.406506,-0.028387,0.243503,0.455762,-0.002639,0.346696,0.497781,-0.040194,0.385249,0.569992,-0.053526,0.406942,0.616223,-0.055442,0.220590,0.469632,-0.031391,0.315901,0.545962,-0.064079,0.284937,0.609355,-0.053735,0.249738,0.623899,-0.039947,0.203781,0.503946,-0.060647,0.282408,0.559629,-0.081452,0.259235,0.603161,-0.070301,0.223856,0.604161,-0.056992
P,0.130085,0.650298,-0.000001,0.226439,0.607666,0.007016,0.291107,0.529131,0.003451,0.326151,0.460382,-0.009603,0.359261,0.406472,-0.023046,0.265046,0.398488,0.018755,0.341376,0.357073,-0.007803,0.390359,0.334370,-0.026659,0.434566,0.315916,-0.039351,0.235292,0.385217,-0.005214,0.331371,0.426949,-0.046997,0.370593,0.498588,-0.061235,0.393749,0.540793,-0.062200,0.204671,0.397025,-0.032221,0.297700,0.474511,-0.068952,0.270962,0.543915,-0.057577,0.238875,0.557061,-0.041340,0.178852,0.430754,-0.060664,0.257823,0.485611,-0.082327,0.240333,0.533273,-0.069794,0.208229,0.533504,-0.054779
P,0.148501,0.666936,-0.000001,0.241605,0.645136,0.019358,0.299870,0.594493,0.020873,0.339245,0.548032,0.009949,0.369377,0.504478,-0.002370,0.286339,0.460572,0.040686,0.363987,0.443001,0.023041,0.414580,0.438692,0.007515,0.457630,0.431967,-0.003976,0.272654,0.441033,0.013603,0.366177,0.501685,-0.023160,0.394746,0.579656,-0.040406,0.408518,0.626850,-0.042996,0.256431,0.440767,-0.015457,0.339721,0.527521,-0.048204,0.301103,0.585178,-0.044274,0.261808,0.594713,-0.032796,0.242741,0.459331,-0.044455,0.313327,0.525255,-0.065561,0.285868,0.567485,-0.057815,0.250445,0.568611,-0.045649
P,0.134812,0.676829,-0.000001,0.230068,0.636306,0.004512,0.289939,0.559678,-0.001972,0.322729,0.492329,-0.016468,0.355594,0.435466,-0.032074,0.259158,0.431712,0.005853,0.335073,0.393433,-0.021286,0.385220,0.366673,-0.040471,0.431960,0.342186,-0.054683,0.228557,0.420514,-0.017229,0.329234,0.478783,-0.063507,0.362335,0.564871,-0.078341,0.380520,0.619188,-0.079336,0.198067,0.434205,-0.042275,0.293449,0.515266,-0.081243,0.263288,0.581393,-0.069458,0.230731,0.594251,-0.053414,0.172175,0.466788,-0.068587,0.251275,0.524349,-0.093647,0.232657,0.570280,-0.082516,0.201453,0.571994,-0.068274
Q,0.302792,0.497487,-0.000000,0.334213,0.507362,-0.054891,0.366432,0.516043,-0.098944,0.374529,0.549779,-0.134924,0.396438,0.585212,-0.164789,0.372382,0.326321,-0.084153,0.340353,0.383709,-0.131354,0.313812,0.435894,-0.154921,0.293289,0.464012,-0.166913,0.316073,0.304230,-0.076779,0.275676,0.418111,-0.120546,0.292257,0.479331,-0.126662,0.305734,0.479236,-0.127441,0.266972,0.314339,-0.074539,0.230676,0.436734,-0.108825,0.258321,0.487029,-0.099981,0.278858,0.480678,-0.091122,0.224019,0.340426,-0.078737,0.203053,0.431220,-0.101675,0.225259,0.472390,-0.099534,0.244806,0.466927,-0.094291
Q,0.267272,0.465195,-0.000000,0.297811,0.495559,-0.065579,0.328288,0.523626,-0.112795,0.330182,0.595002,-0.147929,0.350372,0.657473,-0.176154,0.319886,0.338370,-0.107522,0.268503,0.444278,-0.156712,0.239600,0.523527,-0.180706,0.220194,0.577362,-0.191560,0.258619,0.315533,-0.092698,0.222337,0.457451,-0.138247,0.244471,0.510276,-0.146240,0.266341,0.523950,-0.148715,0.210499,0.323629,-0.082061,0.183830,0.461618,-0.111082,0.207995,0.499973,-0.102226,0.225919,0.498834,-0.094032,0.171004,0.346064,-0.078991,0.160394,0.444283,-0.098840,0.181921,0.478877,-0.097023,0.200797,0.474196,-0.092630
Q,0.290114,0.469328,-0.000000,0.321557,0.496508,-0.056761,0.358713,0.518479,-0.100925,0.369545,0.576348,-0.135838,0.391174,0.626806,-0.164970,0.357836,0.335587,-0.093965,0.321161,0.427386,-0.142697,0.295315,0.504723,-0.167983,0.277718,0.554889,-0.179393,0.296765,0.310352,-0.085079,0.263766,0.441533,-0.131692,0.277316,0.505288,-0.142106,0.293138,0.528737,-0.144253,0.245783,0.315724,-0.080105,0.221007,0.448080,-0.112582,0.241700,0.492549,-0.104531,0.259016,0.493761,-0.094727,0.202882,0.335967,-0.081601,0.191178,0.430211,-0.102049,0.208720,0.468499,-0.097792,0.225583,0.466099,-0.090117
Q,0.303707,0.444607,-0.000000,0.334441,0.468676,-0.056258,0.371450,0.487947,-0.099819,0.382129,0.549181,-0.134116,0.403045,0.603341,-0.162668,0.366504,0.313771,-0.094394,0.327039,0.404575,-0.142308,0.301682,0.479331,-0.166787,0.284271,0.527335,-0.177995,0.305909,0.291240,-0.084909,0.273104,0.423982,-0.128362,0.289211,0.480599,-0.136267,0.305012,0.495140,-0.137936,0.256084,0.298738,-0.079478,0.230991,0.431520,-0.110147,0.253033,0.473182,-0.101090,0.269027,0.472572,-0.091254,0.213927,0.319567,-0.080570,0.202848,0.414541,-0.100928,0.221591,0.450893,-0.097142,0.238019,0.447335,-0.090103
Q,0.274414,0.459743,-0.000000,0.303078,0.487097,-0.065895,0.333807,0.512797,-0.113807,0.342071,0.581072,-0.149341,0.365504,0.639434,-0.178219,0.321883,0.337901,-0.111033,0.278287,0.440966,-0.162007,0.251834,0.518333,-0.187050,0.234191,0.571146,-0.198780,0.262406,0.318024,-0.095864,0.232557,0.454507,-0.143209,0.251654,0.505604,-0.150718,0.270530,0.517058,-0.152835,0.215957,0.328662,-0.084921,0.192470,0.461425,-0.115872,0.215190,0.498793,-0.106468,0.232053,0.498018,-0.097903,0.177288,0.353410,-0.081479,0.167318,0.448343,-0.103368,0.188384,0.482465,-0.102529,0.205893,0.477680,-0.098933
Q,0.267213,0.536356,-0.000000,0.299289,0.560985,-0.054762,0.340765,0.585375,-0.098438,0.359933,0.641970,-0.134063,0.383008,0.689801,-0.165422,0.336483,0.399140,-0.092134,0.311586,0.498078,-0.138638,0.297210,0.581872,-0.163719,0.290412,0.634071,-0.175379,0.278005,0.375279,-0.082984,0.260466,0.505997,-0.124665,0.270424,0.577976,-0.136074,0.281724,0.605773,-0.140606,0.227726,0.383411,-0.076894,0.213095,0.511685,-0.109529,0.234063,0.566352,-0.105327,0.251633,0.577375,-0.098306,0.186525,0.406277,-0.076171,0.175630,0.492021,-0.097215,0.192370,0.535586,-0.093853,0.209924,0.542286,-0.087185
Q,0.278328,0.413285,-0.000000,0.310214,0.444431,-0.069367,0.337981,0.467468,-0.118074,0.338717,0.527019,-0.153224,0.360284,0.577982,-0.180635,0.314559,0.290491,-0.115044,0.265231,0.382283,-0.161316,0.237454,0.458551,-0.181569,0.219265,0.512744,-0.190842,0.254664,0.276155,-0.098281,0.217612,0.409420,-0.145818,0.242047,0.456619,-0.152345,0.266700,0.466812,-0.153043,0.211720,0.289939,-0.085379,0.186584,0.417388,-0.114637,0.213436,0.446385,-0.104641,0.234262,0.440720,-0.096149,0.178486,0.317739,-0.080189,0.167894,0.408732,-0.099448,0.192579,0.437012,-0.096876,0.213101,0.428701,-0.092466
Q,0.274515,0.457054,-0.000000,0.308784,0.487144,-0.070177,0.334981,0.509662,-0.121448,0.331106,0.579506,-0.159884,0.341890,0.640801,-0.191701,0.313239,0.329463,-0.115517,0.266408,0.435990,-0.167351,0.242992,0.519291,-0.196109,0.225792,0.579363,-0.210707,0.250897,0.314663,-0.099314,0.221420,0.460921,-0.153085,0.243875,0.525689,-0.164638,0.265093,0.557238,-0.166762,0.205809,0.329143,-0.086982,0.186584,0.466109,-0.117540,0.214831,0.498389,-0.106920,0.236837,0.497695,-0.096991,0.171992,0.355557,-0.082793,0.165693,0.455601,-0.100568,0.189869,0.487272,-0.095557,0.208490,0.482069,-0.088850
Q,0.277620,0.445852,-0.000000,0.309207,0.469788,-0.061528,0.338570,0.487188,-0.106976,0.345662,0.552213,-0.140848,0.365642,0.611765,-0.168628,0.316314,0.323161,-0.106401,0.278032,0.426065,-0.153761,0.260940,0.507377,-0.176068,0.250402,0.565074,-0.186004,0.257008,0.310842,-0.092609,0.227808,0.444072,-0.135217,0.253807,0.495314,-0.140908,0.276847,0.508270,-0.142476,0.211797,0.325439,-0.082489,0.190210,0.456380,-0.112211,0.218500,0.496391,-0.104373,0.237533,0.498477,-0.096956,0.175251,0.352189,-0.078993,0.165822,0.446946,-0.098769,0.190257,0.482650,-0.097477,0.208702,0.478350,-0.094226
R,0.223410,1.021694,0.000001,0.301134,0.980591,-0.024550,0.356480,0.901374,-0.042548,0.362653,0.803476,-0.067009,0.311297,0.745797,-0.090077,0.345381,0.732538,-0.000862,0.359358,0.611851,-0.030520,0.357424,0.534172,-0.053883,0.352140,0.461893,-0.071050,0.300449,0.719095,-0.016445,0.333676,0.575906,-0.049718,0.353853,0.501483,-0.073085,0.367970,0.431966,-0.086589,0.249307,0.734366,-0.037366,0.275844,0.622582,-0.088984,0.287498,0.720571,-0.090194,0.289817,0.798645,-0.076172,0.195536,0.776455,-0.060771,0.230047,0.707095,-0.099405,0.245599,0.775074,-0.093534,0.247962,0.837679,-0.080030
R,0.196699,0.988810,0.000001,0.276872,0.945605,-0.025322,0.327436,0.861350,-0.043342,0.332111,0.752986,-0.067411,0.277702,0.689225,-0.089168,0.322145,0.688032,0.002342,0.333511,0.564933,-0.026930,0.329293,0.486850,-0.052338,0.322726,0.414033,-0.071868,0.276319,0.674959,-0.011868,0.308534,0.534008,-0.044021,0.323807,0.460477,-0.069013,0.335263,0.389596,-0.085409,0.225093,0.691794,-0.031651,0.242636,0.575075,-0.080263,0.251324,0.677092,-0.080808,0.255629,0.757814,-0.068288,0.171411,0.734293,-0.054384,0.198419,0.661874,-0.092479,0.214262,0.730009,-0.088284,0.221225,0.792757,-0.076836
R,0.169557,0.964981,0.000001,0.234355,0.908346,-0.037217,0.273360,0.800015,-0.056961,0.231532,0.703761,-0.078981,0.173777,0.642769,-0.098325,0.271240,0.643450,-0.015547,0.264384,0.520672,-0.050546,0.245612,0.435345,-0.076599,0.226981,0.357980,-0.094803,0.218583,0.628834,-0.023196,0.248761,0.482704,-0.061498,0.263358,0.404231,-0.084150,0.272932,0.327912,-0.095624,0.164214,0.652039,-0.037277,0.160370,0.541011,-0.096293,0.166587,0.645799,-0.098301,0.176250,0.722557,-0.082780,0.107930,0.703235,-0.054735,0.106525,0.635344,-0.102577,0.125115,0.705794,-0.100863,0.142817,0.762565,-0.088565
R,0.175994,0.923342,0.000001,0.239207,0.869735,-0.055581,0.262328,0.770821,-0.082265,0.209699,0.679645,-0.105964,0.159717,0.610150,-0.126035,0.282303,0.622221,-0.033872,0.273575,0.497530,-0.066853,0.260133,0.414274,-0.092808,0.246771,0.336029,-0.112460,0.231818,0.600195,-0.031240,0.262282,0.464482,-0.065162,0.270981,0.387133,-0.088533,0.275411,0.309020,-0.103773,0.180867,0.618432,-0.036207,0.167592,0.503789,-0.093377,0.160650,0.588175,-0.107874,0.162506,0.659872,-0.104124,0.127511,0.662653,-0.045577,0.112803,0.598775,-0.099144,0.120678,0.654531,-0.112037,0.135702,0.708825,-0.111413
R,0.220639,0.906316,0.000001,0.291707,0.865303,-0.026914,0.336371,0.772765,-0.044585,0.326774,0.673474,-0.066158,0.286783,0.604978,-0.086326,0.315218,0.623363,-0.010211,0.320135,0.503698,-0.041329,0.309823,0.425797,-0.065578,0.295465,0.356518,-0.083230,0.270279,0.616115,-0.021948,0.294562,0.474938,-0.056235,0.310136,0.400078,-0.081501,0.317497,0.333350,-0.097780,0.223246,0.635204,-0.038355,0.236549,0.511108,-0.088103,0.256679,0.597354,-0.091193,0.266121,0.671606,-0.081498,0.174592,0.674921,-0.057172,0.204987,0.607363,-0.098826,0.224399,0.670420,-0.097750,0.230028,0.728579,-0.088641
R,0.277343,0.937767,0.000001,0.345010,0.881207,-0.015531,0.382535,0.774959,-0.029775,0.385576,0.687968,-0.051474,0.353745,0.623802,-0.072537,0.335824,0.641206,-0.002556,0.335408,0.517721,-0.033792,0.324724,0.442109,-0.054385,0.308074,0.376692,-0.067791,0.293889,0.642469,-0.020513,0.299678,0.489648,-0.056628,0.310264,0.408119,-0.078679,0.313740,0.343534,-0.089593,0.251925,0.666668,-0.042523,0.278851,0.545795,-0.094405,0.318379,0.629248,-0.093630,0.335090,0.701260,-0.078138,0.214468,0.710165,-0.065765,0.267540,0.639024,-0.104653,0.297841,0.700276,-0.098830,0.302445,0.756910,-0.084986
R,0.229927,0.935918,0.000001,0.297154,0.884591,-0.036770,0.338575,0.790342,-0.056456,0.309303,0.691118,-0.077907,0.260979,0.620933,-0.096672,0.343689,0.635195,-0.013235,0.345449,0.515780,-0.043629,0.334622,0.437142,-0.067964,0.323711,0.364012,-0.086086,0.293733,0.618335,-0.019044,0.328446,0.482324,-0.051649,0.347021,0.412514,-0.072996,0.361448,0.344944,-0.085570,0.240764,0.637504,-0.031228,0.244462,0.526546,-0.083180,0.246693,0.622234,-0.086359,0.252482,0.694636,-0.074586,0.185906,0.681871,-0.046805,0.191190,0.607215,-0.091169,0.206477,0.672670,-0.091695,0.220965,0.729936,-0.082597
R,0.231048,0.954591,0.000001,0.296351,0.905306,-0.037915,0.329224,0.829303,-0.060121,0.287685,0.755893,-0.083775,0.227387,0.723873,-0.105187,0.328522,0.660001,-0.020448,0.330245,0.542766,-0.047828,0.322363,0.468004,-0.071179,0.313483,0.396763,-0.089058,0.280427,0.644480,-0.025537,0.311124,0.513179,-0.053690,0.326359,0.439744,-0.071855,0.336284,0.369498,-0.083070,0.230063,0.662103,-0.036718,0.233458,0.568538,-0.080345,0.233965,0.658633,-0.081855,0.236710,0.726623,-0.070259,0.178605,0.704126,-0.052207,0.180893,0.627839,-0.086826,0.191277,0.685881,-0.084350,0.199957,0.740552,-0.074560
R,0.231918,0.947287,0.000001,0.297775,0.895633,-0.035874,0.331137,0.821181,-0.056366,0.292786,0.745019,-0.078277,0.234106,0.711887,-0.097804,0.332986,0.653933,-0.018089,0.335258,0.536273,-0.044547,0.327961,0.461686,-0.068295,0.319092,0.389850,-0.086517,0.284901,0.638782,-0.023432,0.315542,0.508759,-0.049123,0.331668,0.434291,-0.067807,0.341567,0.361765,-0.080343,0.234683,0.654886,-0.034743,0.236755,0.563730,-0.074887,0.239193,0.651639,-0.077709,0.243267,0.717955,-0.068133,0.183815,0.694905,-0.050310,0.188399,0.619175,-0.080984,0.199925,0.674932,-0.078368,0.208969,0.729286,-0.069448
R,0.218799,0.944656,0.000001,0.281315,0.893193,-0.042191,0.311748,0.809000,-0.064073,0.265021,0.731108,-0.086315,0.204864,0.697157,-0.105838,0.318688,0.643542,-0.019565,0.317015,0.526765,-0.046721,0.305437,0.451349,-0.070696,0.294318,0.380031,-0.089246,0.270379,0.624491,-0.022325,0.299843,0.495144,-0.050725,0.311782,0.421577,-0.070348,0.320613,0.348618,-0.082751,0.219597,0.640349,-0.031816,0.219370,0.539209,-0.078589,0.215606,0.628823,-0.084202,0.217531,0.699860,-0.074679,0.167110,0.681846,-0.045650,0.164341,0.602755,-0.084698,0.173056,0.657017,-0.086194,0.183196,0.712852,-0.078612
R,0.207582,0.942949,0.000001,0.270414,0.885196,-0.045632,0.299204,0.795563,-0.064870,0.246219,0.713212,-0.082427,0.183363,0.675350,-0.096471,0.306460,0.634093,-0.022269,0.305505,0.510402,-0.045973,0.294733,0.434850,-0.068305,0.283498,0.363356,-0.086384,0.256261,0.613882,-0.021724,0.286926,0.477994,-0.042737,0.297412,0.404720,-0.059579,0.303326,0.331661,-0.072438,0.204837,0.629137,-0.028517,0.202186,0.519890,-0.069162,0.197944,0.604757,-0.078612,0.200599,0.673689,-0.074244,0.151483,0.670092,-0.040144,0.144224,0.586398,-0.076091,0.152167,0.630066,-0.082071,0.164250,0.683915,-0.079621
R,0.203008,0.942015,0.000001,0.268991,0.878509,-0.032895,0.304127,0.787758,-0.047579,0.257782,0.692497,-0.063655,0.192299,0.654376,-0.076925,0.299831,0.627062,-0.008186,0.300092,0.498814,-0.028703,0.288762,0.424617,-0.050565,0.275977,0.353965,-0.068601,0.247630,0.613080,-0.012830,0.273561,0.471464,-0.027631,0.285418,0.400558,-0.042969,0.291210,0.327031,-0.056315,0.197256,0.630668,-0.024171,0.193719,0.514859,-0.055100,0.200937,0.598602,-0.061497,0.208580,0.665751,-0.057733,0.145987,0.675223,-0.039748,0.143551,0.580448,-0.064028,0.160009,0.624401,-0.064866,0.175784,0.682072,-0.061278
S,0.201636,0.877289,-0.000001,0.274004,0.815003,-0.013068,0.307418,0.701183,-0.015439,0.282614,0.602897,-0.023720,0.235833,0.557682,-0.026129,0.288834,0.630622,0.031968,0.304094,0.532304,-0.009657,0.303189,0.595688,-0.030357,0.291119,0.648315,-0.034130,0.241360,0.628214,0.022295,0.250641,0.524196,-0.021090,0.257188,0.606690,-0.029720,0.247266,0.646321,-0.018719,0.194069,0.643571,0.003551,0.206320,0.575239,-0.041093,0.218338,0.673883,-0.029290,0.210477,0.712433,-0.003958,0.142916,0.668924,-0.017099,0.166491,0.621756,-0.037744,0.178068,0.689824,-0.022039,0.170114,0.717545,-0.001017
S,0.210242,0.838374,-0.000001,0.281904,0.777237,-0.015521,0.315537,0.663900,-0.019001,0.291715,0.565802,-0.027720,0.244532,0.524024,-0.030395,0.299508,0.597724,0.027984,0.315987,0.501084,-0.012273,0.311643,0.568346,-0.031445,0.298350,0.618047,-0.034655,0.252646,0.594340,0.019647,0.263733,0.495515,-0.021097,0.267037,0.579825,-0.027977,0.255501,0.615981,-0.016776,0.205585,0.608551,0.002207,0.217427,0.538849,-0.040303,0.227997,0.635563,-0.028602,0.220068,0.671462,-0.004303,0.155107,0.632673,-0.017315,0.177852,0.582480,-0.036032,0.189163,0.649716,-0.020208,0.181159,0.678405,0.000244
S,0.223885,0.826933,-0.000001,0.289313,0.775181,-0.015295,0.328439,0.664530,-0.020242,0.303955,0.565509,-0.029861,0.250202,0.532178,-0.033227,0.316927,0.590569,0.016579,0.335026,0.490552,-0.027664,0.326434,0.565531,-0.047302,0.312592,0.614753,-0.050594,0.269690,0.586982,0.006946,0.280707,0.482415,-0.038588,0.280630,0.575657,-0.043831,0.270056,0.613584,-0.030472,0.221772,0.599080,-0.011165,0.233195,0.531368,-0.056173,0.241105,0.633107,-0.042319,0.233647,0.666827,-0.015978,0.170852,0.621149,-0.031339,0.193074,0.574283,-0.050763,0.203336,0.644079,-0.034211,0.195551,0.670393,-0.013301
S,0.248666,0.815879,-0.000001,0.318665,0.767024,-0.014125,0.361004,0.653270,-0.017250,0.338185,0.553690,-0.025541,0.285225,0.523051,-0.027805,0.336637,0.583572,0.019602,0.356815,0.488664,-0.022883,0.351841,0.563304,-0.040294,0.337548,0.609012,-0.042436,0.291700,0.580305,0.009927,0.307117,0.479420,-0.035320,0.309182,0.571421,-0.039524,0.295546,0.605172,-0.025078,0.245614,0.592098,-0.008377,0.262858,0.528170,-0.052907,0.270115,0.628243,-0.038772,0.258779,0.656483,-0.012207,0.195101,0.611892,-0.028667,0.222042,0.567688,-0.047434,0.230977,0.635395,-0.031180,0.219517,0.658077,-0.010537
S,0.230034,0.831856,-0.000001,0.296617,0.783801,-0.018519,0.334892,0.676790,-0.024349,0.313591,0.576481,-0.034194,0.266049,0.534037,-0.037720,0.329568,0.600952,0.017097,0.348084,0.504094,-0.027691,0.337835,0.576424,-0.048407,0.324102,0.626035,-0.051847,0.282029,0.596787,0.008885,0.293027,0.493031,-0.035811,0.291660,0.582178,-0.042264,0.281574,0.618096,-0.029823,0.233356,0.609296,-0.008197,0.242146,0.543911,-0.053954,0.249235,0.643561,-0.041878,0.242881,0.675224,-0.016419,0.182788,0.631339,-0.027412,0.203049,0.585642,-0.047305,0.211792,0.654306,-0.030593,0.204834,0.679517,-0.009211
S,0.249638,0.841545,-0.000001,0.317154,0.793257,-0.014910,0.358000,0.678548,-0.018336,0.335570,0.581298,-0.026526,0.284096,0.552932,-0.028770,0.337061,0.606197,0.018530,0.356435,0.513070,-0.023291,0.351959,0.586413,-0.040537,0.338395,0.631825,-0.042669,0.292238,0.602172,0.009172,0.306104,0.501719,-0.035260,0.309115,0.590747,-0.039677,0.297170,0.625119,-0.025487,0.245989,0.615099,-0.008674,0.261830,0.555113,-0.052355,0.269827,0.654266,-0.038721,0.260006,0.683344,-0.012664,0.195560,0.636900,-0.028572,0.221999,0.595466,-0.047053,0.230743,0.662697,-0.030962,0.220242,0.684760,-0.010454
T,0.212541,0.906718,-0.000001,0.286415,0.839403,-0.013571,0.313196,0.719424,-0.014820,0.290495,0.618128,-0.020163,0.270384,0.551587,-0.018893,0.297000,0.635647,0.015962,0.305931,0.527229,-0.026462,0.306686,0.577730,-0.041263,0.298889,0.643865,-0.039326,0.242810,0.641462,0.007670,0.241948,0.547233,-0.039687,0.255116,0.648998,-0.041260,0.257805,0.697040,-0.024501,0.191801,0.663334,-0.008880,0.197556,0.601644,-0.057516,0.215938,0.705114,-0.038324,0.217578,0.748763,-0.008313,0.140016,0.695662,-0.027055,0.155556,0.641686,-0.053907,0.172505,0.713971,-0.035776,0.172600,0.745989,-0.012251
T,0.211920,0.883260,-0.000001,0.286997,0.813437,-0.013489,0.312876,0.696792,-0.013817,0.291964,0.599480,-0.018479,0.274278,0.534602,-0.016261,0.297202,0.614480,0.020760,0.306609,0.506590,-0.022400,0.307182,0.557095,-0.038308,0.298886,0.622287,-0.036884,0.244369,0.618486,0.012869,0.244341,0.523461,-0.035364,0.256621,0.626714,-0.037543,0.258310,0.675374,-0.020516,0.194487,0.638418,-0.003822,0.201835,0.577572,-0.053280,0.219121,0.681977,-0.034497,0.218852,0.725728,-0.004051,0.142799,0.668608,-0.022227,0.159937,0.616970,-0.049724,0.176005,0.689360,-0.032364,0.174352,0.721551,-0.008956
T,0.207251,0.847113,-0.000001,0.278518,0.785559,-0.019420,0.304532,0.666353,-0.022518,0.283532,0.564104,-0.028210,0.266970,0.494938,-0.027514,0.292831,0.584450,0.011717,0.304109,0.482888,-0.031965,0.303772,0.533585,-0.047789,0.294806,0.601018,-0.046096,0.239218,0.589526,0.005908,0.240706,0.489337,-0.042054,0.252167,0.588990,-0.043982,0.253312,0.640707,-0.026732,0.189464,0.612294,-0.008707,0.195643,0.548914,-0.059672,0.213128,0.652905,-0.042170,0.213912,0.698923,-0.012112,0.138759,0.645185,-0.025173,0.155753,0.594750,-0.054596,0.171807,0.667264,-0.038193,0.171282,0.699857,-0.015199
T,0.203211,0.856763,-0.000001,0.270431,0.787789,-0.019090,0.289173,0.669913,-0.022581,0.266315,0.567762,-0.029220,0.251640,0.492948,-0.029954,0.286607,0.595631,0.018290,0.300999,0.493866,-0.025442,0.294171,0.552590,-0.046644,0.281120,0.619710,-0.049446,0.232287,0.596357,0.011300,0.233896,0.488035,-0.035212,0.240951,0.584930,-0.043949,0.237576,0.642366,-0.032459,0.182772,0.619413,-0.004342,0.185840,0.547012,-0.052389,0.202825,0.648262,-0.038463,0.201825,0.698217,-0.011712,0.132476,0.655445,-0.022094,0.146640,0.595226,-0.047482,0.163509,0.666234,-0.030093,0.164330,0.702231,-0.007415
T,0.230074,0.901407,-0.000001,0.296008,0.819654,-0.012555,0.310395,0.697827,-0.014483,0.278757,0.595701,-0.020572,0.255780,0.524803,-0.019536,0.288962,0.620122,0.016036,0.290858,0.511951,-0.028523,0.297817,0.569728,-0.044890,0.295696,0.636576,-0.043875,0.236853,0.633405,0.006711,0.227970,0.536871,-0.045241,0.250990,0.637403,-0.049876,0.256311,0.687269,-0.035004,0.189367,0.664233,-0.010370,0.188715,0.600680,-0.060988,0.218007,0.700947,-0.040390,0.222174,0.745223,-0.009025,0.141403,0.706468,-0.028985,0.151573,0.645719,-0.054982,0.175591,0.715394,-0.034639,0.178555,0.747673,-0.009574
T,0.229679,0.858292,-0.000001,0.299094,0.785415,-0.012650,0.318283,0.666011,-0.013023,0.296979,0.566868,-0.017552,0.282738,0.496107,-0.016121,0.303533,0.596585,0.019932,0.313440,0.492936,-0.022228,0.316232,0.548842,-0.039734,0.308493,0.615884,-0.039876,0.253613,0.601827,0.011276,0.253080,0.497905,-0.037167,0.267527,0.592005,-0.043956,0.266018,0.646822,-0.030480,0.206473,0.624981,-0.005227,0.211582,0.558136,-0.054260,0.231858,0.657688,-0.038815,0.230384,0.706514,-0.010489,0.157429,0.658551,-0.023099,0.174553,0.600159,-0.049600,0.192910,0.670948,-0.032622,0.191750,0.707244,-0.009716
T,0.251904,0.929763,-0.000001,0.316559,0.859957,-0.013264,0.334276,0.729232,-0.014509,0.306056,0.628424,-0.019885,0.285352,0.557610,-0.019459,0.313140,0.657386,0.012183,0.324227,0.547834,-0.033491,0.331493,0.612882,-0.052700,0.326496,0.680420,-0.053743,0.261942,0.668402,0.002498,0.264440,0.564746,-0.049111,0.284657,0.662289,-0.055963,0.284223,0.718447,-0.041945,0.213544,0.696482,-0.015035,0.223013,0.634283,-0.065464,0.246973,0.738468,-0.050078,0.245828,0.785456,-0.021576,0.165290,0.733278,-0.033922,0.186676,0.677601,-0.059174,0.207947,0.749322,-0.041425,0.203988,0.783046,-0.018248
U,0.178454,0.983538,0.000001,0.263636,0.934529,-0.030174,0.303810,0.798241,-0.040992,0.282341,0.679948,-0.054811,0.263813,0.594459,-0.066655,0.298739,0.677364,-0.011768,0.327720,0.546885,-0.043009,0.339423,0.467093,-0.065060,0.344954,0.393703,-0.080702,0.247043,0.662858,-0.021952,0.283070,0.509491,-0.058282,0.303565,0.424838,-0.085702,0.312399,0.344254,-0.102316,0.190609,0.680372,-0.037009,0.205058,0.560620,-0.090976,0.224491,0.661273,-0.096290,0.233354,0.739035,-0.086357,0.131726,0.718334,-0.054512,0.156036,0.653934,-0.099449,0.177807,0.726129,-0.098884,0.187287,0.785117,-0.089177
U,0.173466,0.974435,0.000001,0.256567,0.922348,-0.029653,0.294583,0.782326,-0.039621,0.268196,0.662699,-0.052713,0.242838,0.577417,-0.064041,0.290045,0.669943,-0.008673,0.316020,0.537371,-0.038265,0.324442,0.456817,-0.059205,0.326206,0.383299,-0.074195,0.237468,0.656691,-0.018457,0.270695,0.501728,-0.053547,0.288799,0.416620,-0.080390,0.294721,0.335644,-0.096566,0.180609,0.675514,-0.033235,0.190716,0.551435,-0.086857,0.210701,0.653150,-0.091972,0.220152,0.731490,-0.081641,0.122028,0.713972,-0.050334,0.144515,0.647068,-0.095795,0.165246,0.719013,-0.095333,0.173745,0.776695,-0.085437
U,0.158885,0.963072,0.000001,0.238670,0.904717,-0.030962,0.271186,0.760470,-0.040395,0.239891,0.641112,-0.052355,0.209352,0.554729,-0.062390,0.265772,0.653274,-0.008216,0.288023,0.518668,-0.037014,0.294161,0.437626,-0.057362,0.293670,0.362311,-0.072195,0.212546,0.643060,-0.016858,0.242681,0.487715,-0.051025,0.258525,0.404150,-0.077475,0.262327,0.321172,-0.093642,0.155961,0.664584,-0.030667,0.158765,0.538976,-0.085020,0.180131,0.641704,-0.090587,0.191292,0.718159,-0.080491,0.098269,0.705423,-0.046791,0.116168,0.639355,-0.093814,0.138625,0.713437,-0.094338,0.148512,0.769636,-0.085089
U,0.167651,0.954432,0.000001,0.244156,0.892791,-0.030268,0.269209,0.743236,-0.037161,0.229190,0.628134,-0.046349,0.191915,0.548186,-0.054075,0.264147,0.636660,-0.005012,0.280542,0.499755,-0.031374,0.283175,0.416846,-0.049502,0.280393,0.341548,-0.062820,0.208446,0.630036,-0.013553,0.232560,0.472053,-0.046540,0.243479,0.385041,-0.072117,0.245304,0.303179,-0.087099,0.151718,0.655718,-0.027318,0.146747,0.529933,-0.084078,0.166654,0.632777,-0.091586,0.180121,0.709563,-0.081820,0.096120,0.700661,-0.042916,0.109083,0.639495,-0.094825,0.131117,0.721654,-0.097547,0.143303,0.781418,-0.088788
U,0.216341,0.955289,0.000001,0.298262,0.891434,-0.023633,0.329376,0.750385,-0.031261,0.304082,0.629503,-0.042936,0.280602,0.541703,-0.053015,0.316673,0.645513,-0.004078,0.337729,0.509247,-0.032438,0.341474,0.428134,-0.052447,0.338815,0.353816,-0.066375,0.265364,0.639708,-0.015764,0.291511,0.478804,-0.049251,0.305732,0.392024,-0.074679,0.307232,0.310523,-0.089974,0.210776,0.662195,-0.031825,0.218993,0.535114,-0.083829,0.246599,0.633774,-0.087436,0.259547,0.711910,-0.076124,0.155692,0.702474,-0.049697,0.180449,0.629893,-0.092627,0.207427,0.697850,-0.090221,0.218638,0.756319,-0.079171
U,0.226907,0.963287,0.000000,0.306638,0.898483,-0.020370,0.336189,0.754602,-0.027339,0.316765,0.635840,-0.039045,0.300371,0.548538,-0.049150,0.312615,0.651206,-0.004034,0.330472,0.512467,-0.034192,0.332165,0.432628,-0.054627,0.326210,0.361053,-0.068578,0.262937,0.648339,-0.017704,0.286820,0.483991,-0.053733,0.300226,0.395131,-0.080050,0.300486,0.314413,-0.095428,0.209390,0.671472,-0.035447,0.226576,0.541912,-0.089532,0.265328,0.634537,-0.095112,0.284634,0.710550,-0.084959,0.156041,0.711658,-0.054457,0.191831,0.644655,-0.099832,0.228645,0.709253,-0.099872,0.244751,0.764763,-0.090229
U,0.195853,0.966628,0.000001,0.272413,0.900830,-0.032040,0.299065,0.762017,-0.043732,0.260830,0.652923,-0.058420,0.222587,0.575471,-0.071208,0.292322,0.641608,-0.011308,0.306752,0.507522,-0.043577,0.309117,0.423639,-0.066062,0.305621,0.346908,-0.081848,0.236537,0.635624,-0.021221,0.259867,0.479816,-0.059216,0.270962,0.391109,-0.086930,0.272323,0.305816,-0.102840,0.178752,0.664317,-0.036441,0.174211,0.551569,-0.095351,0.196942,0.655387,-0.101960,0.212647,0.733234,-0.090826,0.122390,0.715397,-0.054008,0.132513,0.652305,-0.103484,0.159413,0.726264,-0.103857,0.178204,0.784418,-0.093516
U,0.198215,0.966072,0.000001,0.263533,0.892651,-0.049479,0.270269,0.757751,-0.066422,0.210633,0.655619,-0.082893,0.166660,0.579567,-0.096435,0.273201,0.623890,-0.016573,0.268994,0.488861,-0.049788,0.261905,0.405130,-0.074612,0.251134,0.329131,-0.092223,0.214159,0.620799,-0.018981,0.223014,0.470869,-0.059039,0.222973,0.381167,-0.090695,0.216314,0.293314,-0.108577,0.160530,0.656788,-0.028835,0.135578,0.563099,-0.093987,0.148805,0.665733,-0.106135,0.161378,0.739208,-0.096401,0.111931,0.715523,-0.042312,0.100257,0.657954,-0.100250,0.120149,0.732501,-0.105521,0.138484,0.790826,-0.096413
U,0.243963,0.982314,0.000001,0.304455,0.902107,-0.051829,0.306247,0.766887,-0.068837,0.245481,0.663955,-0.084542,0.199300,0.585906,-0.096653,0.304231,0.630252,-0.014037,0.294326,0.495696,-0.045566,0.282463,0.412553,-0.070010,0.267010,0.337571,-0.087236,0.246907,0.632151,-0.013586,0.248912,0.482106,-0.051350,0.244136,0.391160,-0.082224,0.232295,0.305650,-0.099974,0.195925,0.671818,-0.021126,0.165818,0.581123,-0.083378,0.183452,0.673186,-0.097247,0.199713,0.744307,-0.089610,0.149173,0.732604,-0.032578,0.133226,0.674230,-0.087588,0.154845,0.741227,-0.093794,0.174930,0.796283,-0.086105
U,0.262316,0.974528,0.000001,0.325456,0.897599,-0.043086,0.327519,0.759715,-0.058490,0.269810,0.659944,-0.073980,0.224569,0.584598,-0.086930,0.317302,0.631741,-0.017726,0.306536,0.499239,-0.049792,0.293993,0.418113,-0.072390,0.277829,0.344850,-0.088004,0.260517,0.636857,-0.022041,0.260918,0.486126,-0.060321,0.256263,0.397736,-0.088798,0.244869,0.314264,-0.104939,0.209108,0.675996,-0.032728,0.182555,0.579641,-0.094174,0.207477,0.674650,-0.104104,0.228491,0.746309,-0.094454,0.162247,0.736572,-0.046486,0.153304,0.679572,-0.100215,0.181364,0.749971,-0.103635,0.205268,0.806300,-0.094447
U,0.264182,0.978713,0.000001,0.328361,0.899168,-0.034345,0.334276,0.763047,-0.047681,0.282641,0.668160,-0.063374,0.237166,0.601484,-0.076944,0.314768,0.645401,-0.012972,0.307200,0.520452,-0.045370,0.296551,0.441829,-0.068715,0.281642,0.370314,-0.084635,0.262046,0.652619,-0.021235,0.262269,0.506937,-0.059580,0.259720,0.420164,-0.086890,0.249680,0.339208,-0.101817,0.211344,0.691273,-0.034934,0.191002,0.597048,-0.093536,0.224505,0.693455,-0.098502,0.249574,0.766278,-0.085384,0.165837,0.750380,-0.051241,0.163723,0.691260,-0.098477,0.196352,0.756289,-0.095952,0.220953,0.809536,-0.083031
U,0.260514,0.986693,0.000001,0.324772,0.908929,-0.034358,0.333013,0.777901,-0.048246,0.283335,0.683007,-0.064131,0.237001,0.617944,-0.077632,0.312584,0.659747,-0.016705,0.305735,0.532125,-0.049777,0.294266,0.453129,-0.072322,0.279188,0.382191,-0.087250,0.259971,0.666187,-0.024614,0.259611,0.518608,-0.062683,0.256152,0.433080,-0.088110,0.245491,0.354226,-0.101459,0.209702,0.705068,-0.037683,0.192287,0.610686,-0.094697,0.225476,0.705730,-0.097713,0.248982,0.776591,-0.083478,0.164080,0.765276,-0.053462,0.164533,0.706901,-0.099075,0.197523,0.769021,-0.095822,0.221341,0.819520,-0.082485
V,0.224000,0.913256,0.000001,0.286900,0.868216,-0.034268,0.326978,0.784072,-0.055978,0.316852,0.702974,-0.080443,0.284254,0.640096,-0.101717,0.332412,0.620598,-0.021932,0.375152,0.514929,-0.050642,0.399574,0.445821,-0.068305,0.416229,0.384938,-0.079702,0.277717,0.613546,-0.031385,0.289366,0.472604,-0.065683,0.294289,0.384357,-0.088217,0.292582,0.308840,-0.098859,0.225057,0.642979,-0.045905,0.235573,0.579736,-0.097632,0.253908,0.668433,-0.105362,0.260669,0.730881,-0.094917,0.177573,0.691889,-0.062786,0.195875,0.646275,-0.100173,0.219240,0.706726,-0.097599,0.231536,0.755056,-0.086313
V,0.216861,0.904797,0.000001,0.280058,0.855287,-0.035280,0.316940,0.767565,-0.056089,0.297772,0.684419,-0.079193,0.261024,0.620461,-0.099070,0.319961,0.608846,-0.020313,0.360995,0.502472,-0.047252,0.384565,0.432805,-0.064114,0.400947,0.371797,-0.075100,0.264915,0.602266,-0.028183,0.272703,0.461855,-0.060782,0.275189,0.373655,-0.082481,0.271799,0.300275,-0.092633,0.213017,0.633199,-0.041313,0.219410,0.568227,-0.091830,0.236423,0.654968,-0.099568,0.242773,0.717321,-0.089113,0.166491,0.683362,-0.056879,0.180549,0.633993,-0.093525,0.201867,0.693276,-0.090773,0.213808,0.742005,-0.079388
V,0.233194,0.912926,0.000001,0.295101,0.859188,-0.034943,0.327922,0.771294,-0.056289,0.297276,0.695667,-0.079618,0.254848,0.638317,-0.099956,0.329074,0.609598,-0.023658,0.364424,0.501991,-0.052095,0.385228,0.431361,-0.068905,0.400218,0.369890,-0.079259,0.273157,0.605167,-0.031987,0.275477,0.465733,-0.066032,0.274309,0.379314,-0.085771,0.268296,0.307456,-0.093199,0.221337,0.638189,-0.045512,0.221687,0.583302,-0.097340,0.238847,0.673369,-0.101955,0.246458,0.732938,-0.087995,0.175666,0.690889,-0.061464,0.182726,0.643522,-0.098058,0.204036,0.707363,-0.092022,0.216844,0.755675,-0.077338
V,0.224431,0.909482,0.000001,0.285511,0.853765,-0.041987,0.313525,0.766003,-0.064696,0.273194,0.687693,-0.087987,0.227999,0.625902,-0.107657,0.322748,0.606918,-0.024147,0.359183,0.499629,-0.052955,0.379825,0.427427,-0.071362,0.394302,0.365024,-0.083226,0.265888,0.597234,-0.028747,0.272165,0.460758,-0.061010,0.271570,0.374986,-0.080631,0.267234,0.303331,-0.088932,0.213562,0.627928,-0.039852,0.208088,0.567233,-0.091102,0.220446,0.654099,-0.097335,0.228101,0.713551,-0.085261,0.167885,0.680744,-0.054161,0.165409,0.629642,-0.091919,0.184730,0.690690,-0.088336,0.199564,0.740161,-0.075739
V,0.224041,0.907993,0.000001,0.284653,0.852997,-0.042187,0.311798,0.764090,-0.064107,0.272136,0.684661,-0.086682,0.227903,0.624366,-0.105688,0.322540,0.605239,-0.021723,0.359063,0.497618,-0.049899,0.380036,0.425321,-0.068286,0.395085,0.362359,-0.080320,0.266492,0.594456,-0.025953,0.274298,0.458149,-0.057742,0.274654,0.373943,-0.077448,0.271213,0.302174,-0.085897,0.214547,0.623175,-0.036871,0.206808,0.557485,-0.087685,0.217850,0.645540,-0.093574,0.225278,0.705816,-0.081296,0.168526,0.673818,-0.051121,0.163660,0.619935,-0.088150,0.182574,0.680692,-0.084436,0.197835,0.729549,-0.071934
V,0.227777,0.901709,0.000001,0.288370,0.847323,-0.040933,0.317896,0.759914,-0.063398,0.281214,0.683096,-0.087036,0.235978,0.624229,-0.107132,0.325066,0.599042,-0.022633,0.360965,0.491547,-0.051614,0.380971,0.419545,-0.069909,0.395065,0.357033,-0.081737,0.268467,0.589777,-0.028102,0.274677,0.454310,-0.060643,0.274860,0.370510,-0.079996,0.271410,0.299244,-0.088180,0.216211,0.619499,-0.040142,0.211607,0.553968,-0.091573,0.225014,0.644180,-0.096584,0.233273,0.705394,-0.083666,0.170101,0.670998,-0.055432,0.169680,0.620285,-0.092743,0.190249,0.681239,-0.088630,0.205828,0.729569,-0.075846
V,0.229728,0.910272,0.000001,0.290796,0.856400,-0.037083,0.321627,0.770311,-0.058968,0.289709,0.694190,-0.082618,0.246017,0.640027,-0.103117,0.322610,0.608044,-0.023660,0.357269,0.501177,-0.052635,0.377615,0.429900,-0.070454,0.391970,0.367263,-0.081779,0.267556,0.600132,-0.030882,0.271235,0.463295,-0.064502,0.271661,0.379155,-0.084167,0.267130,0.307482,-0.092138,0.216323,0.631034,-0.043575,0.213904,0.566371,-0.094490,0.229491,0.657822,-0.097628,0.236701,0.719941,-0.083155,0.170512,0.683674,-0.059108,0.174022,0.631541,-0.094674,0.194495,0.692612,-0.087989,0.207454,0.740384,-0.073159
V,0.246647,0.897093,0.000001,0.306629,0.845426,-0.035553,0.341093,0.757532,-0.057385,0.316703,0.677715,-0.081782,0.273779,0.621625,-0.103049,0.334544,0.596754,-0.021340,0.369040,0.488654,-0.050460,0.387980,0.418055,-0.068644,0.400432,0.356284,-0.080294,0.280538,0.592480,-0.029367,0.282455,0.455236,-0.063262,0.282133,0.371253,-0.083810,0.276678,0.299563,-0.092953,0.231208,0.624736,-0.042884,0.232695,0.555175,-0.093930,0.253739,0.644424,-0.098315,0.263752,0.707812,-0.085365,0.187586,0.678043,-0.059121,0.196212,0.625195,-0.095047,0.220435,0.683705,-0.089952,0.235755,0.732102,-0.076820
W,0.208209,0.991449,0.000000,0.269772,0.943839,-0.036285,0.310908,0.827514,-0.039853,0.261780,0.736263,-0.039069,0.197629,0.690860,-0.039823,0.319927,0.660338,-0.007218,0.362261,0.536541,-0.017111,0.381681,0.460242,-0.029270,0.399610,0.392954,-0.042400,0.261223,0.639839,-0.012953,0.279480,0.490713,-0.017749,0.285260,0.401841,-0.033814,0.290522,0.324907,-0.047868,0.207741,0.660145,-0.025728,0.208432,0.530966,-0.053647,0.215285,0.445475,-0.090356,0.219379,0.360151,-0.117418,0.155774,0.711369,-0.040631,0.178370,0.655799,-0.080140,0.196271,0.713290,-0.094405,0.203681,0.768724,-0.103725
W,0.210963,0.977715,0.000000,0.274279,0.930216,-0.033053,0.317656,0.806829,-0.034733,0.266951,0.712966,-0.032651,0.197238,0.675837,-0.032607,0.325287,0.648177,-0.003448,0.367056,0.525184,-0.009783,0.386342,0.449179,-0.019767,0.404565,0.382669,-0.032141,0.267731,0.627901,-0.009457,0.285140,0.481481,-0.012075,0.289974,0.393801,-0.027228,0.295117,0.318109,-0.040967,0.214297,0.647336,-0.021944,0.214725,0.516060,-0.047982,0.221596,0.429179,-0.085156,0.226491,0.346146,-0.113025,0.162184,0.695360,-0.036229,0.185732,0.639547,-0.075948,0.203420,0.697533,-0.091848,0.210694,0.754060,-0.102448
W,0.207269,0.974809,0.000000,0.267782,0.925853,-0.040780,0.302544,0.807986,-0.044805,0.244741,0.718715,-0.043564,0.180615,0.670043,-0.043257,0.315970,0.643296,-0.008535,0.357159,0.519117,-0.018858,0.376775,0.442835,-0.032085,0.393770,0.374343,-0.045997,0.256858,0.620835,-0.012276,0.277142,0.471670,-0.015932,0.283747,0.383025,-0.032706,0.287629,0.305950,-0.048117,0.204045,0.640385,-0.023751,0.197486,0.506368,-0.050332,0.199142,0.422734,-0.087755,0.199266,0.339563,-0.116030,0.152034,0.692538,-0.037971,0.167287,0.631971,-0.075824,0.183822,0.686167,-0.090354,0.193025,0.740857,-0.100637
W,0.211291,0.982928,0.000000,0.270092,0.932758,-0.039600,0.303889,0.813796,-0.042541,0.242838,0.725277,-0.040253,0.178201,0.677596,-0.038714,0.317030,0.648915,-0.007482,0.359541,0.524483,-0.017564,0.380518,0.448088,-0.030500,0.398413,0.379057,-0.043977,0.258190,0.625506,-0.010884,0.276841,0.475984,-0.015059,0.282634,0.387597,-0.031347,0.286391,0.310483,-0.045600,0.206351,0.644546,-0.021800,0.203027,0.511700,-0.047530,0.206229,0.427465,-0.083752,0.208359,0.343068,-0.110644,0.155110,0.697686,-0.035463,0.166027,0.636284,-0.070213,0.180534,0.686804,-0.082714,0.188386,0.739427,-0.091439
W,0.218862,0.983796,0.000000,0.278455,0.936509,-0.036478,0.316872,0.817423,-0.040539,0.263952,0.727038,-0.040351,0.197909,0.684299,-0.042213,0.323049,0.654734,-0.009547,0.364289,0.531819,-0.019369,0.383283,0.455900,-0.031828,0.400642,0.388283,-0.045616,0.264832,0.634231,-0.015487,0.283413,0.484707,-0.020204,0.288974,0.395449,-0.036982,0.293068,0.318458,-0.052140,0.211724,0.654623,-0.028162,0.208747,0.519598,-0.055951,0.212696,0.432905,-0.093518,0.213872,0.349151,-0.121768,0.160467,0.705795,-0.042871,0.182878,0.646944,-0.083005,0.201484,0.702379,-0.098321,0.209331,0.757727,-0.108756
W,0.209968,0.986153,0.000000,0.268115,0.937223,-0.040824,0.301099,0.824959,-0.046833,0.238973,0.742004,-0.047317,0.173730,0.693439,-0.048844,0.310405,0.656717,-0.013775,0.353663,0.534814,-0.026554,0.374985,0.459165,-0.041351,0.393144,0.389688,-0.056172,0.252173,0.634159,-0.017438,0.271395,0.486604,-0.024027,0.277021,0.398583,-0.041782,0.281113,0.320100,-0.057366,0.201178,0.654372,-0.028386,0.198830,0.524081,-0.056427,0.201745,0.439348,-0.093592,0.203722,0.353304,-0.121256,0.150380,0.708759,-0.041919,0.162669,0.647808,-0.078175,0.177656,0.699209,-0.091119,0.186132,0.752061,-0.100344
W,0.194450,0.981481,0.000000,0.252938,0.929232,-0.045591,0.279366,0.819413,-0.052885,0.209804,0.739211,-0.053833,0.144731,0.689865,-0.055608,0.298785,0.652979,-0.016057,0.340101,0.531492,-0.031324,0.361794,0.455108,-0.048042,0.379932,0.385012,-0.063564,0.241521,0.628207,-0.017428,0.258530,0.483382,-0.026281,0.264811,0.395076,-0.045890,0.268325,0.315590,-0.062175,0.192070,0.648184,-0.026598,0.184975,0.522075,-0.054756,0.185876,0.439193,-0.092548,0.186350,0.353219,-0.120319,0.142856,0.703658,-0.039035,0.146449,0.648662,-0.074451,0.159026,0.695701,-0.088093,0.167283,0.742758,-0.097543
W,0.192861,0.966720,0.000000,0.250590,0.912639,-0.048960,0.272928,0.802313,-0.057397,0.202162,0.721537,-0.058806,0.138652,0.669996,-0.060897,0.296093,0.637885,-0.017657,0.336372,0.514680,-0.033030,0.357673,0.436976,-0.050284,0.375534,0.365634,-0.066120,0.238700,0.614576,-0.017432,0.254985,0.469086,-0.025419,0.261298,0.380945,-0.045467,0.264554,0.302092,-0.062323,0.189262,0.635709,-0.025296,0.181485,0.507777,-0.052693,0.182109,0.424442,-0.091332,0.181801,0.339010,-0.120003,0.140271,0.691623,-0.036771,0.141908,0.635933,-0.072616,0.153824,0.682281,-0.087274,0.161585,0.729015,-0.097384
X,0.238096,0.940165,-0.000000,0.309506,0.884040,-0.006850,0.361098,0.758169,-0.014930,0.377150,0.664916,-0.031541,0.364024,0.598701,-0.045923,0.299124,0.640237,0.021624,0.301414,0.522701,-0.007585,0.328607,0.466558,-0.014644,0.350708,0.429775,-0.017196,0.257464,0.642816,0.002735,0.309600,0.553276,-0.045241,0.332417,0.661400,-0.039747,0.312087,0.702679,-0.017682,0.215455,0.663904,-0.023353,0.281446,0.625858,-0.069670,0.291874,0.731112,-0.042711,0.262366,0.750445,-0.010007,0.177168,0.699518,-0.051682,0.244998,0.689188,-0.073724,0.253847,0.760487,-0.052884,0.221898,0.769113,-0.030686
X,0.241871,0.918447,-0.000000,0.313117,0.862484,-0.006391,0.362669,0.736730,-0.014723,0.377508,0.642861,-0.031713,0.364732,0.575080,-0.046506,0.300101,0.618678,0.021893,0.302144,0.505088,-0.006931,0.330746,0.451174,-0.013501,0.353055,0.415246,-0.015833,0.258465,0.621439,0.002906,0.310973,0.536834,-0.042643,0.333335,0.646648,-0.035932,0.311148,0.683953,-0.014222,0.217524,0.641978,-0.023287,0.283498,0.605496,-0.069237,0.294043,0.712713,-0.041239,0.264169,0.731318,-0.008466,0.180393,0.676469,-0.051659,0.249094,0.665207,-0.074211,0.257101,0.736936,-0.052991,0.224693,0.745404,-0.030727
X,0.246874,0.914974,-0.000000,0.318742,0.859187,-0.006106,0.369356,0.736392,-0.015168,0.385111,0.643640,-0.032991,0.373478,0.573534,-0.048459,0.306020,0.617558,0.021402,0.308996,0.503945,-0.008070,0.337555,0.448879,-0.015103,0.360648,0.412531,-0.017665,0.265187,0.619993,0.002090,0.320144,0.539355,-0.043834,0.341104,0.647757,-0.036752,0.318297,0.682898,-0.014894,0.224464,0.640114,-0.024488,0.291545,0.605788,-0.070046,0.301057,0.712139,-0.041239,0.270769,0.728841,-0.008142,0.187548,0.674675,-0.053311,0.255980,0.664186,-0.075251,0.264173,0.735664,-0.053348,0.231979,0.743418,-0.030669
X,0.248898,0.913375,-0.000000,0.319880,0.857319,-0.005218,0.369860,0.734021,-0.014046,0.384833,0.640466,-0.031754,0.372459,0.571016,-0.047287,0.306590,0.616917,0.021809,0.309707,0.503727,-0.007088,0.338028,0.448761,-0.013690,0.360983,0.412722,-0.016085,0.266089,0.619625,0.002264,0.321368,0.538394,-0.042929,0.341611,0.647563,-0.035397,0.318265,0.682959,-0.013405,0.225426,0.639346,-0.024400,0.292294,0.602981,-0.069385,0.301451,0.709552,-0.040087,0.271144,0.726636,-0.006888,0.188454,0.673453,-0.053214,0.256458,0.660491,-0.075053,0.264319,0.732344,-0.052896,0.232176,0.740782,-0.030144
X,0.245849,0.917689,-0.000000,0.317627,0.862232,-0.006698,0.368733,0.735718,-0.013936,0.383470,0.641430,-0.029631,0.370252,0.573634,-0.043283,0.307564,0.619620,0.022923,0.312029,0.506451,-0.004291,0.338754,0.450914,-0.010373,0.359214,0.413080,-0.012759,0.266045,0.621215,0.004354,0.317816,0.536089,-0.041168,0.338069,0.644600,-0.035245,0.316513,0.682644,-0.013708,0.224439,0.641010,-0.021318,0.288213,0.604925,-0.066199,0.297810,0.709803,-0.039167,0.268682,0.727552,-0.007032,0.186455,0.675258,-0.049254,0.252593,0.666883,-0.070689,0.260936,0.737769,-0.049989,0.229648,0.744774,-0.028283
X,0.258674,0.909279,-0.000000,0.330208,0.854872,-0.006247,0.381424,0.733483,-0.015688,0.396210,0.638799,-0.033962,0.382877,0.568514,-0.050119,0.319659,0.615271,0.021483,0.322186,0.501291,-0.008028,0.350697,0.445967,-0.014695,0.374479,0.411927,-0.016654,0.278876,0.618641,0.002509,0.331829,0.537588,-0.043041,0.350870,0.646778,-0.034996,0.328340,0.683022,-0.012286,0.237364,0.638783,-0.023806,0.301919,0.601573,-0.068937,0.310630,0.708063,-0.039549,0.281349,0.725883,-0.006006,0.199281,0.672828,-0.052328,0.264878,0.659818,-0.074115,0.273047,0.731410,-0.051970,0.241807,0.739985,-0.029047
X,0.256864,0.916210,-0.000000,0.329287,0.861162,-0.007269,0.379732,0.739220,-0.016246,0.394248,0.645352,-0.033453,0.384255,0.575385,-0.048233,0.316962,0.619827,0.020232,0.318784,0.507858,-0.010221,0.347782,0.454118,-0.017868,0.371952,0.419927,-0.020418,0.276517,0.622057,0.002112,0.330883,0.540117,-0.043666,0.351941,0.649287,-0.036365,0.329532,0.685256,-0.014309,0.235991,0.641525,-0.023403,0.302619,0.605787,-0.069087,0.312130,0.712375,-0.040434,0.281873,0.730043,-0.007307,0.199015,0.675409,-0.051216,0.267073,0.664376,-0.073473,0.274710,0.735937,-0.051785,0.242106,0.744540,-0.029068
X,0.250288,0.920034,-0.000000,0.321418,0.865597,-0.006847,0.373237,0.742321,-0.014983,0.388224,0.646962,-0.031894,0.373876,0.577235,-0.047105,0.314763,0.625046,0.024293,0.319311,0.512986,-0.003516,0.345588,0.455711,-0.010590,0.366543,0.416759,-0.013595,0.273617,0.626710,0.005201,0.322312,0.537825,-0.042286,0.341429,0.646326,-0.037607,0.321677,0.688287,-0.015897,0.230740,0.645591,-0.021076,0.291535,0.605561,-0.067560,0.300492,0.711510,-0.040997,0.272933,0.733062,-0.008154,0.190338,0.679329,-0.049533,0.253512,0.665130,-0.072023,0.262337,0.738053,-0.051089,0.232326,0.748808,-0.028599
X,0.254834,0.921135,-0.000000,0.325879,0.868299,-0.008651,0.377959,0.744704,-0.017316,0.392598,0.649305,-0.034270,0.380856,0.578379,-0.049247,0.322062,0.626198,0.021910,0.326934,0.513763,-0.006082,0.353589,0.457669,-0.013031,0.374189,0.417714,-0.016090,0.280142,0.627532,0.003660,0.328540,0.540699,-0.043182,0.347345,0.650729,-0.038034,0.326264,0.689822,-0.016651,0.236956,0.646376,-0.021857,0.296827,0.606216,-0.068128,0.306583,0.713074,-0.040864,0.278711,0.733034,-0.007994,0.195684,0.679818,-0.049769,0.258180,0.665958,-0.072000,0.268158,0.738592,-0.050631,0.238684,0.748755,-0.028106
X,0.257868,0.921682,-0.000000,0.329687,0.870454,-0.008224,0.383152,0.748209,-0.017430,0.399396,0.653126,-0.034951,0.388128,0.584639,-0.050430,0.325534,0.628230,0.020531,0.330333,0.513305,-0.008677,0.358165,0.457437,-0.015479,0.379788,0.421687,-0.017573,0.283926,0.629556,0.002290,0.335337,0.541957,-0.044392,0.354771,0.652143,-0.037836,0.333256,0.690484,-0.015103,0.241417,0.648404,-0.023243,0.304282,0.610398,-0.069385,0.313200,0.717019,-0.041597,0.283985,0.735673,-0.008189,0.201907,0.681633,-0.051078,0.267294,0.671851,-0.073188,0.275417,0.743808,-0.051644,0.244016,0.751939,-0.028737
X,0.260611,0.925292,-0.000000,0.333236,0.871971,-0.008057,0.385697,0.749485,-0.016849,0.401234,0.656123,-0.033908,0.389962,0.587566,-0.048698,0.326589,0.630894,0.021707,0.331005,0.516779,-0.007280,0.359504,0.462167,-0.014038,0.381700,0.426952,-0.016092,0.285569,0.633006,0.003839,0.337134,0.547527,-0.041794,0.357006,0.657260,-0.034765,0.334684,0.693147,-0.012147,0.243552,0.652417,-0.021479,0.306216,0.615875,-0.066589,0.315607,0.722054,-0.038717,0.285732,0.738896,-0.005722,0.204667,0.685725,-0.049167,0.269651,0.676747,-0.070434,0.278027,0.749075,-0.048852,0.246063,0.756588,-0.026246
X,0.258756,0.927172,-0.000000,0.330166,0.875610,-0.008138,0.383263,0.753082,-0.016595,0.399098,0.658707,-0.033228,0.387690,0.589834,-0.047801,0.324184,0.633890,0.020993,0.329306,0.520602,-0.008221,0.356917,0.465661,-0.015729,0.378773,0.430078,-0.018474,0.282651,0.634912,0.002744,0.333758,0.548762,-0.044975,0.353755,0.657216,-0.040020,0.333770,0.697813,-0.018291,0.240727,0.653931,-0.022740,0.304001,0.618738,-0.069493,0.312963,0.723849,-0.043162,0.284758,0.743473,-0.010592,0.202135,0.687226,-0.050513,0.267763,0.679797,-0.073339,0.275536,0.751408,-0.052918,0.244602,0.759796,-0.030726
Y,0.233963,0.862121,-0.000001,0.327875,0.817192,-0.014232,0.390008,0.715392,-0.015194,0.423220,0.631335,-0.020396,0.454731,0.581437,-0.018940,0.324126,0.634567,0.017674,0.329631,0.557547,-0.011898,0.329769,0.630578,-0.024803,0.326486,0.675793,-0.026565,0.275356,0.634785,0.013725,0.281705,0.570641,-0.025665,0.290736,0.655979,-0.038827,0.291068,0.694078,-0.036973,0.228086,0.640618,0.003508,0.235259,0.585978,-0.036891,0.253058,0.669865,-0.034180,0.260728,0.719941,-0.018559,0.181798,0.648201,-0.007749,0.174730,0.560898,-0.028135,0.177134,0.504602,-0.028672,0.178233,0.444551,-0.022530
Y,0.223363,0.885294,-0.000001,0.323590,0.825726,-0.020357,0.388880,0.717324,-0.023721,0.430713,0.623023,-0.030421,0.469686,0.567588,-0.028467,0.322588,0.629133,0.023488,0.320096,0.550783,-0.010552,0.318278,0.632392,-0.026842,0.317456,0.679757,-0.030383,0.268320,0.631334,0.022702,0.267534,0.570014,-0.020556,0.277265,0.664338,-0.036167,0.283008,0.695216,-0.036356,0.218477,0.640290,0.013894,0.215882,0.589001,-0.032285,0.235772,0.676193,-0.030788,0.248977,0.722872,-0.015016,0.169971,0.649609,0.003817,0.154830,0.556493,-0.018802,0.148981,0.497928,-0.019490,0.144008,0.433271,-0.013018
Y,0.222341,0.848639,-0.000001,0.318249,0.785742,-0.021748,0.378083,0.677058,-0.025308,0.416570,0.582529,-0.031551,0.454107,0.525394,-0.029117,0.311558,0.596162,0.022802,0.305249,0.520056,-0.010815,0.308053,0.599621,-0.027121,0.310531,0.644586,-0.030717,0.258756,0.603207,0.023063,0.255068,0.542016,-0.019318,0.268605,0.633403,-0.034659,0.275451,0.662085,-0.034503,0.210820,0.615625,0.015212,0.204937,0.565651,-0.030315,0.227652,0.648641,-0.029190,0.241837,0.692683,-0.013611,0.163775,0.627704,0.006062,0.147563,0.538893,-0.015889,0.143263,0.482331,-0.016177,0.138714,0.420006,-0.009339
Y,0.231018,0.863483,-0.000001,0.317491,0.781263,-0.028645,0.361441,0.656003,-0.034992,0.384971,0.548889,-0.043258,0.414830,0.478848,-0.041814,0.289408,0.590187,0.018502,0.273802,0.517020,-0.018963,0.283511,0.599556,-0.036411,0.290385,0.639752,-0.040261,0.236982,0.608477,0.021047,0.223140,0.551545,-0.023122,0.247313,0.644894,-0.036672,0.258878,0.664110,-0.034875,0.190414,0.631742,0.014059,0.176349,0.588061,-0.034080,0.209441,0.669994,-0.031054,0.229766,0.707930,-0.013459,0.145218,0.653781,0.005016,0.115698,0.568504,-0.018824,0.103238,0.512624,-0.018834,0.090265,0.450523,-0.011192
Y,0.260088,0.891534,-0.000001,0.350617,0.811154,-0.009858,0.397548,0.698970,-0.010087,0.419791,0.603944,-0.016185,0.445289,0.542498,-0.015293,0.315101,0.636386,0.028744,0.322479,0.557083,-0.001145,0.334219,0.631959,-0.015100,0.334137,0.679960,-0.016957,0.269227,0.645996,0.023494,0.279552,0.578113,-0.014406,0.300771,0.666902,-0.026968,0.301474,0.703117,-0.025181,0.225380,0.661988,0.011563,0.237866,0.606117,-0.026569,0.265823,0.688308,-0.022558,0.272074,0.738599,-0.006658,0.179297,0.680831,-0.001475,0.160504,0.586576,-0.019237,0.160890,0.524651,-0.018629,0.158596,0.463405,-0.012213
Y,0.199852,0.885582,-0.000000,0.285090,0.831205,-0.050974,0.343591,0.714934,-0.065881,0.374871,0.599839,-0.077610,0.412446,0.521941,-0.078634,0.306092,0.609791,0.004941,0.272204,0.541005,-0.032030,0.273832,0.629815,-0.046757,0.288111,0.669014,-0.047647,0.249314,0.619203,0.020310,0.217378,0.564643,-0.019749,0.231927,0.673328,-0.028902,0.253621,0.680699,-0.023110,0.199854,0.630658,0.024023,0.169849,0.598052,-0.024604,0.192488,0.696066,-0.023570,0.217512,0.730133,-0.006054,0.155532,0.640239,0.024562,0.133905,0.545880,0.001666,0.118358,0.490727,0.001788,0.101456,0.428776,0.010512
Y,0.272007,0.847958,-0.000001,0.361312,0.780065,-0.021119,0.411494,0.668501,-0.026167,0.435992,0.569174,-0.034274,0.463876,0.502647,-0.033850,0.343470,0.594497,0.017502,0.344463,0.522233,-0.017233,0.349746,0.601381,-0.033310,0.350684,0.646935,-0.036538,0.294238,0.602794,0.016956,0.295859,0.547869,-0.025159,0.312385,0.635255,-0.038803,0.316904,0.660280,-0.038194,0.248901,0.619096,0.008607,0.248083,0.573659,-0.036628,0.274984,0.653943,-0.033646,0.287733,0.698111,-0.017285,0.204782,0.635631,-0.001236,0.190400,0.550196,-0.024378,0.189059,0.495475,-0.024640,0.185567,0.437845,-0.017765
Y,0.337867,0.814239,-0.000001,0.419574,0.759734,-0.016230,0.466399,0.655098,-0.018951,0.488235,0.567523,-0.025582,0.513482,0.510134,-0.025342,0.396527,0.588990,0.015174,0.407165,0.521675,-0.014682,0.413058,0.594652,-0.027173,0.409529,0.636128,-0.028744,0.353783,0.594805,0.012682,0.366726,0.539600,-0.022825,0.382077,0.622503,-0.031834,0.379715,0.649971,-0.028898,0.313327,0.607554,0.003239,0.326219,0.560567,-0.035034,0.349564,0.639284,-0.030987,0.354710,0.683291,-0.015815,0.273048,0.621047,-0.007683,0.262739,0.537747,-0.027963,0.268249,0.483484,-0.029064,0.270034,0.429780,-0.023973
Y,0.345672,0.810932,-0.000001,0.421873,0.752509,-0.014034,0.463517,0.641370,-0.015566,0.479159,0.554698,-0.021413,0.501227,0.497980,-0.021032,0.392380,0.580904,0.013494,0.403801,0.512662,-0.014835,0.412425,0.584737,-0.026107,0.408939,0.625721,-0.027035,0.350679,0.588816,0.009763,0.365413,0.531181,-0.024384,0.383051,0.613431,-0.032319,0.379698,0.645177,-0.028476,0.310686,0.604650,-0.000285,0.328273,0.558303,-0.036406,0.353156,0.635863,-0.031926,0.357280,0.680872,-0.016753,0.269627,0.620698,-0.011749,0.262298,0.536678,-0.031273,0.269659,0.480190,-0.032240,0.273025,0.426190,-0.027127
Y,0.304147,0.840700,-0.000001,0.391005,0.784479,-0.019950,0.440933,0.677457,-0.023609,0.463099,0.584943,-0.030412,0.487131,0.520088,-0.030341,0.378103,0.609953,0.017031,0.378172,0.537200,-0.013729,0.379969,0.607402,-0.028018,0.379156,0.652804,-0.030239,0.331027,0.616268,0.016095,0.332112,0.554061,-0.024273,0.342582,0.637217,-0.039132,0.345302,0.676392,-0.037710,0.287480,0.628174,0.008247,0.288466,0.578543,-0.033114,0.308628,0.655463,-0.032088,0.320307,0.702539,-0.016803,0.244668,0.641139,-0.000979,0.236021,0.561296,-0.020946,0.236348,0.510868,-0.020937,0.236631,0.458355,-0.013897
Y,0.258593,0.850206,-0.000001,0.346438,0.795902,-0.025420,0.400827,0.688480,-0.028389,0.427215,0.592096,-0.033310,0.454213,0.524750,-0.029712,0.347584,0.614364,0.022930,0.340134,0.540182,-0.008740,0.337223,0.614528,-0.023999,0.338487,0.657618,-0.026598,0.297064,0.618559,0.025687,0.289365,0.558445,-0.015031,0.296470,0.647345,-0.030959,0.305109,0.678895,-0.030087,0.252015,0.629395,0.020201,0.244708,0.583841,-0.022899,0.260785,0.663163,-0.022586,0.274644,0.705845,-0.007201,0.208591,0.639487,0.013008,0.197461,0.558963,-0.006610,0.193854,0.509363,-0.005692,0.191378,0.454463,0.002356
N,0.068783,0.771398,-0.000000,0.143597,0.702525,-0.020970,0.176448,0.554212,-0.024449,0.139728,0.458642,-0.031416,0.088913,0.409949,-0.032828,0.155453,0.479009,0.001999,0.168610,0.349077,-0.049708,0.163545,0.395832,-0.076612,0.153094,0.475864,-0.083787,0.088371,0.475339,-0.009248,0.090881,0.330695,-0.065170,0.106375,0.408492,-0.081620,0.104983,0.476931,-0.073355,0.030588,0.507171,-0.028744,0.041341,0.454583,-0.079490,0.069304,0.557058,-0.071621,0.068497,0.596513,-0.048936,-0.021379,0.556283,-0.050608,0.012682,0.542951,-0.076217,0.030702,0.606646,-0.063181,0.019587,0.618809,-0.044852
N,0.221536,0.720217,-0.000001,0.291830,0.659491,-0.019290,0.312182,0.508966,-0.022235,0.254149,0.409049,-0.028691,0.200050,0.360583,-0.031326,0.303159,0.440932,0.004651,0.314776,0.318378,-0.040783,0.310173,0.381644,-0.064931,0.295767,0.457122,-0.071341,0.243284,0.440347,-0.005256,0.248899,0.288306,-0.049833,0.259659,0.366119,-0.061302,0.250813,0.429918,-0.053022,0.187809,0.466785,-0.023101,0.191978,0.376258,-0.067294,0.214381,0.480194,-0.057757,0.212906,0.531007,-0.036209,0.133245,0.507299,-0.043417,0.157464,0.451505,-0.065069,0.177613,0.523635,-0.049583,0.172160,0.555366,-0.031188
N,0.502216,0.633785,-0.000001,0.588651,0.573846,-0.017310,0.611331,0.431499,-0.024960,0.557904,0.327498,-0.035268,0.512458,0.263645,-0.041849,0.573787,0.351014,-0.011558,0.594574,0.253319,-0.058262,0.620251,0.327605,-0.078010,0.607056,0.390693,-0.084522,0.513338,0.348616,-0.024031,0.533485,0.207656,-0.086357,0.571747,0.298841,-0.099800,0.555206,0.364633,-0.090192,0.458630,0.373572,-0.041814,0.490313,0.294359,-0.094940,0.522163,0.408035,-0.076554,0.502265,0.454367,-0.047762,0.407071,0.409459,-0.061445,0.464821,0.368383,-0.088146,0.486622,0.443030,-0.070894,0.464019,0.464250,-0.050103
N,0.455495,0.611351,-0.000001,0.531236,0.572144,-0.017704,0.562020,0.436822,-0.023236,0.512548,0.333150,-0.030449,0.473306,0.272513,-0.033306,0.550439,0.359451,-0.009639,0.572759,0.269099,-0.057296,0.584225,0.330624,-0.082310,0.566062,0.397083,-0.091984,0.492428,0.347126,-0.019880,0.515730,0.209669,-0.079529,0.538790,0.289717,-0.097661,0.519037,0.352513,-0.093374,0.437978,0.363800,-0.035433,0.461079,0.284048,-0.084245,0.483270,0.392223,-0.066683,0.465307,0.438143,-0.040317,0.381954,0.389778,-0.053354,0.429326,0.356004,-0.079165,0.442744,0.429275,-0.063246,0.423552,0.449480,-0.044262
N,0.457342,0.607971,-0.000001,0.530799,0.569200,-0.017731,0.563509,0.426192,-0.023734,0.517196,0.316740,-0.031263,0.478739,0.255228,-0.034213,0.546075,0.351603,-0.014359,0.567164,0.257513,-0.060900,0.578843,0.319769,-0.084258,0.561177,0.383330,-0.094045,0.486762,0.342242,-0.024749,0.507720,0.202683,-0.086644,0.533081,0.280354,-0.106460,0.514417,0.344086,-0.104247,0.432722,0.360907,-0.039590,0.456077,0.279982,-0.088175,0.481323,0.388575,-0.068515,0.464214,0.435977,-0.041752,0.377184,0.387103,-0.056839,0.428228,0.351130,-0.081111,0.443413,0.425478,-0.063825,0.424284,0.446257,-0.044854
N,0.543048,0.557411,-0.000001,0.621096,0.504091,-0.011607,0.649296,0.369006,-0.015161,0.609079,0.271249,-0.023395,0.575382,0.208587,-0.029521,0.628208,0.295419,-0.001390,0.664153,0.213736,-0.049323,0.683556,0.278117,-0.073941,0.670754,0.350239,-0.081511,0.575284,0.285719,-0.016242,0.610888,0.157239,-0.072383,0.642176,0.236543,-0.088450,0.628122,0.304582,-0.081601,0.522588,0.302083,-0.036751,0.556810,0.232229,-0.087221,0.578087,0.344783,-0.074196,0.559346,0.396351,-0.048906,0.471643,0.332888,-0.058736,0.524796,0.295862,-0.084406,0.542845,0.371174,-0.068421,0.523126,0.398256,-0.048529
N,0.521255,0.640315,-0.000001,0.606965,0.582374,-0.015443,0.631958,0.438239,-0.021716,0.583752,0.336177,-0.031103,0.545887,0.267809,-0.037093,0.604055,0.358462,-0.007818,0.631435,0.268708,-0.055533,0.654600,0.345488,-0.076718,0.642011,0.415160,-0.083097,0.545002,0.350042,-0.021769,0.573540,0.213830,-0.081654,0.607623,0.307010,-0.094631,0.590251,0.372881,-0.084611,0.488976,0.372021,-0.041311,0.521395,0.298610,-0.092854,0.547954,0.413007,-0.074778,0.528394,0.456032,-0.046456,0.437547,0.407379,-0.062577,0.493141,0.371723,-0.088136,0.510878,0.445827,-0.069494,0.488246,0.463360,-0.047859
N,0.475437,0.626198,-0.000001,0.561717,0.572338,-0.015901,0.592173,0.436116,-0.023126,0.546112,0.333037,-0.032970,0.510390,0.265623,-0.039058,0.568929,0.355725,-0.012652,0.591810,0.260461,-0.059423,0.611052,0.333706,-0.080735,0.593811,0.399743,-0.088404,0.508523,0.345744,-0.026229,0.531865,0.203086,-0.089947,0.563453,0.291071,-0.106713,0.544901,0.359366,-0.099641,0.451735,0.365351,-0.044405,0.481962,0.288513,-0.096621,0.507000,0.401952,-0.078851,0.487319,0.447281,-0.051034,0.397521,0.396549,-0.064395,0.451273,0.362450,-0.090139,0.468530,0.437589,-0.072464,0.448142,0.456323,-0.051897
N,0.462361,0.592076,-0.000001,0.537390,0.539661,-0.013447,0.565979,0.403711,-0.018030,0.520454,0.301343,-0.024117,0.490280,0.238353,-0.025607,0.548526,0.323745,-0.015114,0.570966,0.234585,-0.058571,0.590190,0.307550,-0.079743,0.573225,0.370229,-0.089303,0.486744,0.317795,-0.026671,0.513580,0.179253,-0.090023,0.545129,0.268173,-0.108809,0.525702,0.335709,-0.105378,0.432315,0.342047,-0.041105,0.461765,0.261006,-0.088763,0.490460,0.371893,-0.066867,0.471233,0.419836,-0.038653,0.381095,0.373590,-0.057364,0.433870,0.337784,-0.078153,0.453070,0.408402,-0.058228,0.433506,0.424345,-0.037787
N,0.465698,0.610383,-0.000001,0.546224,0.544670,-0.010856,0.570539,0.410233,-0.016525,0.526694,0.312683,-0.026219,0.494026,0.246437,-0.032017,0.546960,0.330335,-0.006132,0.572145,0.235366,-0.051759,0.594703,0.312251,-0.071059,0.578816,0.376953,-0.077069,0.489165,0.322785,-0.021592,0.515519,0.183166,-0.082951,0.548541,0.276638,-0.096475,0.527834,0.341177,-0.087096,0.434587,0.344925,-0.041568,0.466682,0.268091,-0.092549,0.493056,0.383539,-0.072836,0.471218,0.426769,-0.043535,0.383012,0.379265,-0.062893,0.436701,0.342107,-0.085912,0.455799,0.415694,-0.066155,0.433822,0.433102,-0.044254
N,0.441170,0.581229,-0.000001,0.512706,0.532749,-0.013570,0.539786,0.402006,-0.017800,0.496502,0.303574,-0.023789,0.464180,0.244758,-0.025536,0.520903,0.326042,-0.013868,0.545561,0.235018,-0.058118,0.561126,0.299956,-0.078112,0.542970,0.360419,-0.085683,0.461725,0.318929,-0.025404,0.486603,0.181858,-0.088391,0.515469,0.264234,-0.105544,0.497077,0.328848,-0.099839,0.408762,0.340475,-0.040491,0.439325,0.265023,-0.090741,0.464903,0.372875,-0.071546,0.445535,0.417408,-0.043618,0.357728,0.371039,-0.057127,0.411390,0.337264,-0.081419,0.428557,0.407799,-0.064297,0.408396,0.424574,-0.044727
N,0.443366,0.565284,-0.000001,0.513325,0.517268,-0.013546,0.541700,0.387733,-0.018509,0.499188,0.287692,-0.025476,0.466578,0.227944,-0.028504,0.522880,0.310549,-0.013864,0.544968,0.217734,-0.058369,0.561159,0.286784,-0.077441,0.544775,0.346207,-0.083812,0.465337,0.305495,-0.025777,0.489424,0.169012,-0.087352,0.518672,0.253766,-0.102368,0.500302,0.314858,-0.094900,0.412399,0.326670,-0.041441,0.442506,0.251719,-0.092795,0.468746,0.361190,-0.073999,0.450053,0.403843,-0.045588,0.362258,0.356835,-0.058416,0.413493,0.320204,-0.083361,0.432283,0.392959,-0.065613,0.413138,0.411696,-0.045020
N,0.438725,0.571136,-0.000001,0.508159,0.525897,-0.015397,0.536946,0.397344,-0.019806,0.493979,0.297200,-0.025503,0.462107,0.239128,-0.026786,0.517741,0.318353,-0.013937,0.539384,0.225236,-0.057471,0.556214,0.293760,-0.076042,0.538889,0.352342,-0.082529,0.459910,0.312999,-0.024280,0.482452,0.177822,-0.085348,0.512894,0.264387,-0.099757,0.495031,0.324364,-0.092141,0.407760,0.334007,-0.038601,0.435927,0.260019,-0.089591,0.464223,0.368453,-0.070577,0.445357,0.410199,-0.042386,0.357218,0.363659,-0.054490,0.408358,0.330632,-0.079775,0.427443,0.402238,-0.062949,0.407573,0.419223,-0.043186
S,0.392966,0.627102,-0.000001,0.455250,0.589068,-0.026831,0.498985,0.447529,-0.034280,0.471789,0.327198,-0.042585,0.408882,0.291623,-0.042552,0.466925,0.369101,-0.000156,0.487829,0.271568,-0.043560,0.487520,0.360531,-0.055489,0.471322,0.384977,-0.056642,0.414169,0.371872,-0.003937,0.430314,0.275502,-0.050502,0.442601,0.384626,-0.045259,0.428490,0.393556,-0.026037,0.366111,0.394306,-0.017641,0.383193,0.331641,-0.065459,0.404098,0.443333,-0.045117,0.387959,0.452365,-0.016431,0.313631,0.419098,-0.034176,0.348153,0.382738,-0.057632,0.365250,0.456126,-0.043399,0.349950,0.469964,-0.025521
S,0.329767,0.589306,-0.000001,0.393255,0.550859,-0.026482,0.434815,0.405611,-0.032622,0.396434,0.288035,-0.039388,0.327019,0.261564,-0.037606,0.403421,0.336969,0.000839,0.420717,0.238958,-0.041140,0.418485,0.328432,-0.052819,0.401875,0.348240,-0.054956,0.348239,0.338926,-0.002335,0.361248,0.235386,-0.047866,0.374484,0.342762,-0.043117,0.362880,0.351086,-0.024533,0.300330,0.361493,-0.015125,0.313227,0.291101,-0.060080,0.335742,0.404412,-0.039009,0.322247,0.415891,-0.010534,0.247384,0.384990,-0.031022,0.278039,0.347063,-0.053370,0.297116,0.420521,-0.039759,0.284629,0.434456,-0.022632
S,0.336214,0.589673,-0.000001,0.398189,0.552112,-0.025666,0.436984,0.405426,-0.031064,0.395475,0.292313,-0.036819,0.325300,0.276117,-0.034284,0.403247,0.342324,-0.001111,0.418140,0.247181,-0.041537,0.418624,0.332611,-0.053536,0.403936,0.353719,-0.056720,0.350596,0.346467,-0.004143,0.361961,0.246672,-0.048922,0.376902,0.349597,-0.045382,0.365827,0.359628,-0.028502,0.304874,0.369289,-0.016190,0.316550,0.301883,-0.060004,0.340047,0.411789,-0.039071,0.327294,0.425298,-0.011378,0.253487,0.393337,-0.031344,0.284207,0.354803,-0.054636,0.303161,0.428505,-0.041730,0.291250,0.445398,-0.025323
S,0.331678,0.633301,-0.000001,0.390560,0.596964,-0.028371,0.430488,0.457017,-0.035219,0.398156,0.344576,-0.041972,0.332485,0.328410,-0.040173,0.405627,0.387403,-0.003973,0.420480,0.292059,-0.045389,0.417625,0.381635,-0.057582,0.403321,0.404673,-0.060170,0.353562,0.391178,-0.006141,0.364254,0.295118,-0.050372,0.376073,0.402553,-0.045138,0.365344,0.411951,-0.026961,0.307201,0.413483,-0.017724,0.316979,0.349182,-0.061570,0.337240,0.458476,-0.040107,0.325012,0.469381,-0.011942,0.256529,0.437752,-0.032643,0.282163,0.399668,-0.054110,0.299816,0.471200,-0.039366,0.288621,0.486364,-0.021827
S,0.452478,0.651836,-0.000001,0.511566,0.618959,-0.018398,0.552027,0.482024,-0.023140,0.525800,0.370898,-0.030338,0.468275,0.339867,-0.029654,0.510162,0.403183,0.004376,0.526708,0.316562,-0.034881,0.535717,0.402386,-0.045642,0.520646,0.420430,-0.048576,0.460509,0.410627,-0.001714,0.478187,0.323619,-0.045978,0.496930,0.430386,-0.040832,0.480839,0.437629,-0.023648,0.418409,0.434983,-0.016576,0.437833,0.368922,-0.059973,0.463612,0.477970,-0.037665,0.446151,0.491049,-0.010151,0.370821,0.458114,-0.033726,0.407682,0.421108,-0.056109,0.428247,0.490092,-0.044158,0.413326,0.504055,-0.029180
S,0.459043,0.656201,-0.000001,0.524120,0.629106,-0.021892,0.573886,0.484813,-0.026734,0.547421,0.368297,-0.032434,0.484689,0.346771,-0.030012,0.533781,0.396145,-0.002645,0.549013,0.320243,-0.040786,0.550503,0.409531,-0.052010,0.535402,0.422002,-0.057347,0.478001,0.402754,-0.007454,0.497483,0.318052,-0.052682,0.511035,0.424933,-0.048646,0.495658,0.434128,-0.033330,0.431801,0.428847,-0.020579,0.454043,0.362889,-0.060573,0.473840,0.475213,-0.034487,0.457558,0.488668,-0.006368,0.381541,0.451485,-0.036823,0.422859,0.419842,-0.057591,0.439808,0.492808,-0.044423,0.426240,0.503550,-0.029723
S,0.469472,0.643012,-0.000001,0.537454,0.569421,-0.014742,0.565880,0.447684,-0.024236,0.542727,0.353643,-0.038191,0.489587,0.329189,-0.044728,0.494063,0.349061,0.017071,0.538916,0.288504,-0.023468,0.550034,0.370461,-0.037808,0.529951,0.400707,-0.041757,0.447135,0.357690,0.006084,0.497343,0.296691,-0.036088,0.516900,0.398905,-0.031888,0.491878,0.416059,-0.014828,0.407887,0.387562,-0.014410,0.467558,0.353373,-0.058771,0.491086,0.455884,-0.040506,0.465088,0.469776,-0.014806,0.376018,0.428311,-0.037380,0.446126,0.413453,-0.062142,0.460571,0.477543,-0.052387,0.433190,0.486630,-0.037254
S,0.463865,0.640485,-0.000001,0.528150,0.606145,-0.022100,0.574816,0.474303,-0.030022,0.553503,0.362393,-0.039913,0.492328,0.343091,-0.042810,0.534766,0.389321,0.004809,0.566966,0.316003,-0.035106,0.562461,0.400917,-0.047429,0.541456,0.420196,-0.050541,0.483483,0.391617,-0.000882,0.511835,0.310611,-0.044811,0.521756,0.417586,-0.040070,0.504371,0.429982,-0.021923,0.438499,0.416115,-0.015852,0.464043,0.359744,-0.058613,0.483081,0.468678,-0.039248,0.465459,0.478428,-0.012686,0.391543,0.442369,-0.033557,0.429629,0.411972,-0.054296,0.446014,0.480312,-0.042555,0.430701,0.490317,-0.027370
S,0.464948,0.651932,-0.000001,0.536392,0.594897,-0.018462,0.575340,0.468554,-0.028112,0.555292,0.368400,-0.042258,0.498774,0.349330,-0.048907,0.509695,0.357611,0.017604,0.557764,0.304904,-0.026737,0.559250,0.389773,-0.044807,0.534756,0.414389,-0.050737,0.461747,0.365457,0.007508,0.510216,0.314421,-0.038002,0.523083,0.417795,-0.035235,0.498875,0.427845,-0.018596,0.421151,0.395453,-0.013275,0.474307,0.364018,-0.059970,0.493161,0.470133,-0.042406,0.467161,0.479271,-0.016450,0.384817,0.433777,-0.037092,0.445694,0.422836,-0.060847,0.460291,0.488777,-0.050609,0.436420,0.494396,-0.035559
S,0.475085,0.657354,-0.000001,0.547485,0.586868,-0.014546,0.586133,0.472204,-0.025746,0.575499,0.379558,-0.041231,0.525004,0.352005,-0.048484,0.510792,0.359910,0.013199,0.563963,0.304023,-0.029535,0.569246,0.394687,-0.045998,0.544609,0.415553,-0.052566,0.464179,0.367162,0.001289,0.527212,0.312401,-0.045012,0.538312,0.418816,-0.042198,0.509345,0.433141,-0.026204,0.427185,0.394030,-0.019927,0.499365,0.368393,-0.064804,0.512847,0.474489,-0.046147,0.482468,0.485494,-0.020615,0.397772,0.431864,-0.043981,0.478120,0.432299,-0.069156,0.483507,0.496486,-0.061178,0.451620,0.499420,-0.047723
S,0.478881,0.657063,-0.000001,0.550948,0.585003,-0.012559,0.587065,0.470684,-0.023646,0.575181,0.378041,-0.039432,0.524410,0.348710,-0.047427,0.515979,0.362843,0.014738,0.567998,0.304426,-0.026021,0.574189,0.392731,-0.040514,0.550135,0.413094,-0.045767,0.468631,0.368202,0.002194,0.530754,0.309809,-0.042156,0.543177,0.414357,-0.038717,0.514302,0.427449,-0.022321,0.431059,0.393822,-0.019264,0.501531,0.366632,-0.062918,0.516052,0.471675,-0.045504,0.485353,0.482205,-0.020907,0.401445,0.428877,-0.043201,0.479754,0.429162,-0.067509,0.485943,0.492096,-0.060074,0.454369,0.495015,-0.047114
S,0.480596,0.661678,-0.000001,0.552865,0.590696,-0.012744,0.589777,0.475183,-0.023214,0.579558,0.382137,-0.038537,0.530060,0.352500,-0.045936,0.519356,0.365163,0.015563,0.571988,0.307941,-0.024488,0.577414,0.395413,-0.038317,0.552565,0.413863,-0.043224,0.472650,0.370662,0.003093,0.535213,0.315790,-0.040794,0.546839,0.419106,-0.036750,0.517976,0.429956,-0.019993,0.435115,0.396483,-0.018442,0.505663,0.371730,-0.062155,0.519556,0.475886,-0.044258,0.489228,0.485204,-0.019219,0.405401,0.432171,-0.042581,0.483028,0.433380,-0.066754,0.489322,0.495461,-0.058973,0.458528,0.497931,-0.045708
S,0.422645,0.617529,-0.000001,0.484953,0.581324,-0.029369,0.516815,0.475389,-0.037960,0.484128,0.378698,-0.045839,0.438004,0.338730,-0.046040,0.530724,0.398610,-0.005362,0.529195,0.307227,-0.048792,0.520703,0.387102,-0.065576,0.515040,0.424936,-0.068400,0.477915,0.400536,-0.007111,0.476103,0.302980,-0.048692,0.478603,0.395049,-0.050161,0.477658,0.412370,-0.037726,0.427704,0.414218,-0.017645,0.422083,0.354750,-0.059408,0.434309,0.446257,-0.046433,0.437712,0.457148,-0.024596,0.380196,0.434711,-0.031217,0.387132,0.394795,-0.050164,0.398423,0.458686,-0.036094,0.397878,0.475698,-0.019238
S,0.423704,0.608764,-0.000001,0.484374,0.564224,-0.028564,0.510883,0.461935,-0.036954,0.480478,0.369435,-0.045609,0.438307,0.328177,-0.046535,0.524454,0.387335,0.002022,0.527109,0.295033,-0.041543,0.518543,0.373521,-0.059405,0.512632,0.411976,-0.062408,0.473597,0.389756,-0.000466,0.473653,0.292893,-0.040870,0.477538,0.381716,-0.043449,0.476897,0.397808,-0.031746,0.424862,0.406089,-0.012235,0.420791,0.343294,-0.053560,0.433768,0.432587,-0.040909,0.436171,0.443244,-0.018966,0.378361,0.430193,-0.027142,0.384523,0.385705,-0.045388,0.397126,0.448105,-0.030332,0.397608,0.466434,-0.012349
S,0.411729,0.613884,-0.000001,0.469983,0.569286,-0.027545,0.495111,0.467183,-0.034561,0.461930,0.377054,-0.041367,0.418873,0.335927,-0.040346,0.508536,0.388350,0.001783,0.508968,0.302056,-0.039750,0.500512,0.379423,-0.056507,0.494331,0.417255,-0.059487,0.456876,0.389218,-0.000634,0.453414,0.299151,-0.040438,0.457068,0.389056,-0.042623,0.457426,0.405844,-0.030895,0.407673,0.406287,-0.012012,0.400390,0.349016,-0.053249,0.413631,0.438455,-0.040697,0.418083,0.448515,-0.019209,0.361358,0.432626,-0.026340,0.364133,0.392102,-0.046434,0.376936,0.455030,-0.032793,0.379504,0.471272,-0.015772
S,0.405977,0.617606,-0.000001,0.465636,0.572563,-0.027249,0.491827,0.467590,-0.034173,0.457554,0.376597,-0.041009,0.412264,0.338644,-0.040180,0.503393,0.392841,0.000668,0.504674,0.302777,-0.041668,0.496985,0.381678,-0.058263,0.490887,0.420144,-0.060856,0.452137,0.394165,-0.001943,0.450690,0.299216,-0.042460,0.454592,0.390109,-0.044100,0.453691,0.408187,-0.031490,0.402959,0.410288,-0.013451,0.397848,0.349651,-0.055023,0.410865,0.441157,-0.041548,0.413586,0.453108,-0.018958,0.356109,0.435021,-0.027923,0.361179,0.392977,-0.047611,0.373976,0.456927,-0.033288,0.374727,0.474669,-0.015659
S,0.404847,0.631756,-0.000001,0.463425,0.583297,-0.027609,0.490527,0.477903,-0.034453,0.457107,0.386817,-0.041791,0.410865,0.347977,-0.040984,0.501554,0.396402,0.005667,0.503216,0.310005,-0.037615,0.495640,0.391405,-0.054564,0.488609,0.426599,-0.057199,0.450442,0.398331,0.002454,0.448656,0.307172,-0.039568,0.453140,0.399857,-0.041865,0.450646,0.412789,-0.029151,0.400124,0.415598,-0.010288,0.394323,0.357411,-0.053974,0.408543,0.450403,-0.040634,0.410357,0.457674,-0.017460,0.351714,0.441741,-0.026142,0.355647,0.399686,-0.046433,0.370436,0.465721,-0.031573,0.371794,0.482223,-0.013142
S,0.566601,0.603338,-0.000001,0.633854,0.543275,-0.012150,0.673830,0.442324,-0.021504,0.669737,0.353464,-0.036528,0.625708,0.317233,-0.044893,0.627410,0.343192,0.019962,0.671035,0.282690,-0.021505,0.671373,0.359359,-0.037330,0.650648,0.388057,-0.040543,0.584295,0.342772,0.007743,0.628187,0.282753,-0.034080,0.634915,0.381566,-0.032184,0.612247,0.398251,-0.016078,0.541988,0.361003,-0.013624,0.591816,0.328209,-0.057463,0.602696,0.428315,-0.040349,0.578920,0.441455,-0.014085,0.502320,0.391853,-0.037099,0.558182,0.376485,-0.057420,0.570207,0.439674,-0.043881,0.549565,0.450948,-0.026077
S,0.562921,0.606310,-0.000001,0.627166,0.546551,-0.011997,0.666329,0.447939,-0.021573,0.661917,0.362938,-0.036451,0.618396,0.328354,-0.044579,0.622158,0.348375,0.016348,0.665356,0.289810,-0.025362,0.665082,0.367921,-0.041188,0.644547,0.394979,-0.044700,0.578749,0.348425,0.004058,0.622660,0.290431,-0.037559,0.629587,0.389044,-0.035342,0.607720,0.403691,-0.019621,0.536120,0.367058,-0.017044,0.586301,0.336081,-0.060056,0.597389,0.436304,-0.041898,0.574172,0.447753,-0.015599,0.496582,0.398130,-0.040272,0.552875,0.385573,-0.060227,0.564847,0.448126,-0.046259,0.544287,0.457034,-0.028460
S,0.549022,0.597461,-0.000001,0.623506,0.538855,-0.019312,0.665647,0.433687,-0.031278,0.656920,0.340676,-0.047025,0.610230,0.305060,-0.055168,0.622112,0.323030,0.010786,0.667500,0.269184,-0.032790,0.665623,0.358360,-0.049274,0.642511,0.378280,-0.054446,0.573578,0.320336,0.000473,0.618434,0.267095,-0.044194,0.624236,0.371458,-0.041789,0.601202,0.378643,-0.026212,0.527192,0.339878,-0.019580,0.576565,0.310187,-0.064969,0.587182,0.415781,-0.045467,0.563738,0.422871,-0.018755,0.483735,0.371219,-0.042693,0.540892,0.363980,-0.065324,0.551792,0.428652,-0.052341,0.530512,0.432662,-0.035396
S,0.418592,0.534022,-0.000001,0.473391,0.500342,-0.018666,0.524105,0.394919,-0.026438,0.519390,0.298111,-0.036418,0.469119,0.269688,-0.039896,0.494381,0.306712,0.003219,0.531394,0.243322,-0.034854,0.524143,0.321209,-0.046544,0.503101,0.339604,-0.048742,0.448664,0.301753,-0.003784,0.482766,0.235082,-0.044255,0.485684,0.333324,-0.039000,0.468296,0.344739,-0.021599,0.404660,0.316935,-0.019216,0.439462,0.281218,-0.060749,0.449541,0.380079,-0.043303,0.431961,0.387826,-0.018398,0.359632,0.337819,-0.036857,0.405022,0.321362,-0.056049,0.417455,0.386878,-0.043484,0.402487,0.396900,-0.027893
S,0.549933,0.532477,-0.000001,0.617767,0.481837,-0.011106,0.659687,0.388170,-0.019448,0.655946,0.301338,-0.032627,0.614910,0.258184,-0.039938,0.621559,0.296051,0.014940,0.663297,0.241255,-0.021736,0.662323,0.314785,-0.033653,0.640391,0.335791,-0.035450,0.580390,0.290994,0.004235,0.622182,0.239105,-0.033248,0.626171,0.332411,-0.029188,0.602420,0.341020,-0.013531,0.540633,0.303066,-0.014606,0.585729,0.273188,-0.054816,0.593986,0.370116,-0.037814,0.570127,0.379730,-0.013204,0.501970,0.325045,-0.035172,0.554502,0.308414,-0.055527,0.563744,0.371364,-0.043338,0.543388,0.383584,-0.026874
S,0.495782,0.585892,-0.000001,0.549830,0.564499,-0.016542,0.593180,0.455345,-0.022774,0.578211,0.357682,-0.030833,0.532658,0.337004,-0.033174,0.562486,0.386661,-0.000978,0.583609,0.314925,-0.033966,0.581908,0.386671,-0.045221,0.568031,0.405142,-0.049607,0.519297,0.386999,-0.005773,0.540579,0.317532,-0.042197,0.546801,0.406423,-0.038531,0.534669,0.418343,-0.025393,0.481790,0.403508,-0.017593,0.503161,0.346574,-0.050214,0.514617,0.438016,-0.030915,0.501020,0.452447,-0.008986,0.440638,0.418343,-0.031727,0.474202,0.387361,-0.048534,0.484782,0.446360,-0.038280,0.472387,0.459023,-0.026416
S,0.486621,0.598292,-0.000001,0.537319,0.578591,-0.016116,0.581389,0.468816,-0.022504,0.566594,0.371209,-0.030324,0.521388,0.349053,-0.032392,0.550190,0.397612,-0.002380,0.571819,0.329896,-0.034576,0.569049,0.403089,-0.045218,0.554335,0.417258,-0.050032,0.505087,0.399309,-0.006919,0.529368,0.333084,-0.041739,0.535571,0.423539,-0.036082,0.522763,0.432223,-0.022430,0.468168,0.418106,-0.018435,0.491107,0.362444,-0.049320,0.503165,0.455244,-0.028580,0.488720,0.468354,-0.006738,0.427497,0.433342,-0.032231,0.463023,0.404396,-0.048412,0.474380,0.465007,-0.038230,0.462168,0.476882,-0.027002
S,0.473988,0.610870,-0.000001,0.524359,0.589181,-0.017169,0.567192,0.477934,-0.022752,0.551942,0.381633,-0.029724,0.504115,0.357980,-0.030320,0.532345,0.406205,-0.002120,0.553016,0.338714,-0.035303,0.553737,0.411124,-0.045510,0.540590,0.426432,-0.049261,0.488874,0.409195,-0.006526,0.512180,0.348554,-0.042384,0.520654,0.437053,-0.037188,0.507523,0.442304,-0.023592,0.452409,0.427358,-0.018264,0.474805,0.375687,-0.052365,0.488630,0.467593,-0.032382,0.474055,0.479707,-0.009921,0.411289,0.443638,-0.032317,0.446110,0.413765,-0.050844,0.459905,0.474958,-0.040703,0.448719,0.489698,-0.028614
S,0.456682,0.609365,-0.000001,0.510856,0.581319,-0.017362,0.550767,0.477161,-0.023989,0.538515,0.383412,-0.033301,0.495084,0.355251,-0.036222,0.515013,0.403000,0.002835,0.535735,0.332431,-0.033282,0.539897,0.405796,-0.044027,0.526384,0.425425,-0.045853,0.475356,0.407141,-0.003166,0.495807,0.343733,-0.042204,0.506385,0.433551,-0.038286,0.491636,0.440726,-0.023515,0.438910,0.423844,-0.017150,0.460128,0.376057,-0.056337,0.474532,0.467279,-0.037959,0.459475,0.477770,-0.013970,0.398948,0.441354,-0.033298,0.431007,0.409931,-0.052206,0.444414,0.469512,-0.039762,0.432062,0.483592,-0.024827
S,0.416389,0.592344,-0.000001,0.465300,0.563465,-0.020324,0.503089,0.454846,-0.028153,0.487403,0.359257,-0.037226,0.439000,0.333795,-0.039665,0.480106,0.382455,0.002047,0.498404,0.312782,-0.033285,0.494719,0.386821,-0.044220,0.480127,0.403720,-0.046603,0.435243,0.384860,-0.001452,0.453535,0.311998,-0.037994,0.461430,0.402545,-0.033494,0.448924,0.408922,-0.018429,0.396812,0.404906,-0.012948,0.411456,0.351085,-0.049038,0.428205,0.443035,-0.031521,0.414983,0.452350,-0.008559,0.355244,0.424268,-0.026715,0.382311,0.392142,-0.043414,0.397568,0.451594,-0.031858,0.388332,0.464995,-0.018004
L,0.176880,0.765586,-0.000000,0.278383,0.715105,-0.021861,0.353394,0.650630,-0.036535,0.423190,0.595912,-0.055743,0.473022,0.571272,-0.074331,0.301022,0.488291,-0.007254,0.324852,0.364812,-0.042212,0.339474,0.295219,-0.069366,0.349209,0.229172,-0.088226,0.251070,0.470926,-0.013346,0.262214,0.391950,-0.058869,0.256315,0.494836,-0.066266,0.247799,0.561162,-0.060504,0.195932,0.475280,-0.025012,0.201340,0.391650,-0.065812,0.207418,0.483893,-0.050665,0.207466,0.546009,-0.028166,0.142951,0.502631,-0.039661,0.140345,0.403504,-0.061134,0.164471,0.456118,-0.044891,0.175795,0.511030,-0.025978
L,0.175223,0.768494,-0.000000,0.280414,0.717881,-0.023591,0.354505,0.660058,-0.040466,0.427115,0.606156,-0.061777,0.477499,0.579401,-0.082114,0.303425,0.491989,-0.006139,0.328925,0.369793,-0.042623,0.344334,0.300649,-0.072188,0.354707,0.234348,-0.092699,0.253725,0.474474,-0.010908,0.265788,0.396975,-0.056632,0.258179,0.501392,-0.064780,0.248850,0.567001,-0.059722,0.198634,0.478364,-0.021591,0.204721,0.395454,-0.061369,0.210457,0.489692,-0.045228,0.210398,0.551230,-0.022312,0.146783,0.506089,-0.035617,0.143496,0.408305,-0.055133,0.168159,0.463203,-0.037439,0.178503,0.517245,-0.017673
L,0.165795,0.785696,-0.000000,0.270092,0.733929,-0.025090,0.345379,0.667959,-0.040475,0.412890,0.608650,-0.059985,0.462923,0.580633,-0.078418,0.286282,0.505801,-0.009152,0.310526,0.385333,-0.042999,0.325537,0.315698,-0.069934,0.334996,0.252148,-0.088798,0.233496,0.488169,-0.013039,0.242562,0.410851,-0.057491,0.241054,0.507467,-0.066326,0.238139,0.571489,-0.062127,0.177489,0.493477,-0.022520,0.183921,0.411660,-0.061808,0.191482,0.493520,-0.049942,0.193998,0.555877,-0.030224,0.124993,0.521524,-0.035471,0.114752,0.420402,-0.057718,0.141617,0.450555,-0.046104,0.158824,0.495771,-0.030477
L,0.149170,0.800156,-0.000000,0.260071,0.744348,-0.020457,0.335477,0.691333,-0.036799,0.418715,0.644751,-0.057949,0.467178,0.627064,-0.078600,0.291308,0.503763,0.001814,0.310844,0.382846,-0.035842,0.323057,0.316043,-0.069678,0.329338,0.248610,-0.094540,0.241824,0.489890,-0.004905,0.249898,0.399304,-0.053311,0.243425,0.503943,-0.067378,0.238181,0.569545,-0.067176,0.184017,0.501050,-0.016921,0.187011,0.416713,-0.057554,0.191569,0.518793,-0.041073,0.194677,0.583534,-0.018663,0.133336,0.541327,-0.032151,0.130035,0.455731,-0.051897,0.152041,0.524313,-0.032469,0.160173,0.575213,-0.012122
L,0.149177,0.806031,-0.000000,0.258179,0.750307,-0.022088,0.334686,0.694627,-0.037635,0.418631,0.645941,-0.057225,0.467732,0.627743,-0.076117,0.291399,0.510036,-0.000869,0.312852,0.389655,-0.038585,0.326569,0.323001,-0.071914,0.334460,0.254760,-0.096462,0.241312,0.495148,-0.006388,0.248456,0.404312,-0.053346,0.241626,0.510071,-0.065621,0.237270,0.575680,-0.064426,0.183060,0.506189,-0.017374,0.185531,0.421908,-0.057707,0.189852,0.525571,-0.040884,0.193715,0.590184,-0.018331,0.133179,0.547181,-0.031640,0.128790,0.462189,-0.052230,0.150501,0.531210,-0.033675,0.159111,0.581576,-0.013927
L,0.152646,0.803047,-0.000000,0.259732,0.750866,-0.022569,0.336451,0.692326,-0.039437,0.417107,0.643954,-0.060827,0.467190,0.624913,-0.082239,0.292619,0.510860,-0.003242,0.314007,0.391545,-0.040430,0.327947,0.324232,-0.071480,0.335920,0.256517,-0.094398,0.242038,0.496512,-0.010501,0.248272,0.403523,-0.058596,0.241851,0.510715,-0.069394,0.238082,0.575996,-0.066424,0.184189,0.506565,-0.023414,0.186246,0.421504,-0.065650,0.190849,0.525504,-0.048001,0.194408,0.589730,-0.024361,0.132890,0.545299,-0.039654,0.129608,0.459178,-0.062584,0.150264,0.528221,-0.044401,0.158936,0.579860,-0.024535
L,0.265010,0.780880,-0.000000,0.379733,0.731531,-0.023423,0.459204,0.680848,-0.041170,0.543879,0.634517,-0.063101,0.595041,0.616012,-0.084623,0.417413,0.490518,-0.004953,0.446046,0.364929,-0.043955,0.462858,0.295235,-0.079003,0.474595,0.224282,-0.105180,0.368072,0.472012,-0.011094,0.382053,0.380661,-0.062880,0.370169,0.489562,-0.078735,0.361575,0.561028,-0.079768,0.308927,0.477632,-0.022280,0.317775,0.387177,-0.065248,0.317991,0.494223,-0.049048,0.318808,0.566216,-0.026719,0.255816,0.512488,-0.036952,0.256486,0.422486,-0.059772,0.276172,0.494006,-0.041575,0.283665,0.550991,-0.021782
L,0.184842,0.780937,-0.000000,0.291566,0.732742,-0.028021,0.369341,0.681252,-0.049698,0.453203,0.633911,-0.074572,0.508916,0.614797,-0.099268,0.330072,0.503806,-0.015516,0.355889,0.377752,-0.054672,0.369844,0.307632,-0.087856,0.379961,0.237196,-0.112399,0.277590,0.480938,-0.019808,0.282169,0.393544,-0.068979,0.265112,0.499062,-0.080844,0.259292,0.564392,-0.080138,0.217433,0.483466,-0.029058,0.221087,0.395668,-0.071836,0.216387,0.498505,-0.052802,0.220359,0.567871,-0.029428,0.167147,0.514907,-0.041961,0.161631,0.426534,-0.066711,0.177722,0.494540,-0.047384,0.188971,0.552223,-0.026648
L,0.189522,0.773074,-0.000000,0.293548,0.733931,-0.023969,0.372719,0.682540,-0.041911,0.451173,0.643428,-0.064177,0.504476,0.628616,-0.086662,0.333828,0.502196,-0.008040,0.360617,0.383763,-0.040931,0.375497,0.316863,-0.067957,0.386741,0.251836,-0.087890,0.284670,0.480914,-0.013667,0.294888,0.397488,-0.057579,0.283047,0.497400,-0.066603,0.276355,0.561334,-0.063273,0.228452,0.482325,-0.024490,0.237423,0.397903,-0.064790,0.235916,0.494186,-0.048963,0.235777,0.558501,-0.027175,0.174910,0.507319,-0.038380,0.177929,0.414388,-0.062366,0.194257,0.478436,-0.045789,0.202030,0.536840,-0.026783
L,0.194312,0.779299,-0.000000,0.296377,0.732802,-0.024624,0.372093,0.669616,-0.040582,0.443114,0.612954,-0.060530,0.493628,0.585288,-0.080220,0.326068,0.500213,-0.005607,0.349666,0.377658,-0.037437,0.362410,0.310041,-0.063581,0.371045,0.244845,-0.082808,0.275673,0.481764,-0.010649,0.282617,0.394769,-0.053779,0.274375,0.497486,-0.062314,0.269316,0.564630,-0.058565,0.220697,0.486557,-0.021217,0.225076,0.398708,-0.061845,0.227283,0.494290,-0.046897,0.228508,0.561229,-0.025503,0.168811,0.515447,-0.034895,0.166574,0.421033,-0.058885,0.185078,0.480916,-0.043144,0.194145,0.539794,-0.024904
L,0.183354,0.776066,-0.000000,0.287135,0.729131,-0.023958,0.362972,0.667448,-0.038859,0.433610,0.608562,-0.057539,0.483867,0.581032,-0.075899,0.316833,0.498450,-0.004704,0.339202,0.373892,-0.036155,0.351912,0.306458,-0.061893,0.361021,0.240582,-0.080895,0.266863,0.479714,-0.009915,0.273887,0.390974,-0.053439,0.263950,0.494692,-0.062021,0.258856,0.561834,-0.058008,0.211848,0.483867,-0.020491,0.217460,0.395108,-0.061896,0.216661,0.492995,-0.046120,0.217823,0.559195,-0.023845,0.159474,0.512527,-0.034045,0.157781,0.416976,-0.059022,0.174042,0.479345,-0.042518,0.183371,0.538313,-0.023363
L,0.183002,0.787645,-0.000000,0.292124,0.737402,-0.021538,0.365737,0.678238,-0.036563,0.438380,0.619255,-0.055735,0.487630,0.589791,-0.074363,0.318984,0.508629,-0.004709,0.342721,0.383533,-0.040073,0.356552,0.315604,-0.070755,0.366040,0.249247,-0.092834,0.268630,0.488210,-0.009618,0.277229,0.400486,-0.051905,0.266248,0.503886,-0.060869,0.259962,0.569697,-0.058675,0.212537,0.492287,-0.019653,0.219253,0.401286,-0.058047,0.218930,0.497928,-0.040890,0.219324,0.564227,-0.019029,0.160909,0.523726,-0.032669,0.157648,0.425063,-0.053835,0.176565,0.485354,-0.035207,0.185644,0.543919,-0.015504
L,0.170738,0.789889,-0.000000,0.275710,0.748725,-0.026356,0.356787,0.697904,-0.045572,0.437248,0.657497,-0.068563,0.492386,0.644247,-0.091637,0.316010,0.515035,-0.011285,0.340526,0.393194,-0.045251,0.354344,0.324437,-0.072926,0.364932,0.258185,-0.093229,0.264468,0.492433,-0.016124,0.270716,0.404328,-0.059572,0.258773,0.506467,-0.067183,0.254222,0.570687,-0.063033,0.206772,0.493866,-0.026380,0.213259,0.407682,-0.066772,0.210005,0.505797,-0.049513,0.211116,0.571674,-0.026772,0.154231,0.521000,-0.039961,0.153246,0.427554,-0.064140,0.168875,0.490969,-0.046589,0.178292,0.549914,-0.026826
L,0.174017,0.787621,-0.000000,0.276792,0.749272,-0.030345,0.359425,0.700104,-0.052130,0.441101,0.662121,-0.077163,0.496940,0.648118,-0.102339,0.321471,0.514018,-0.015606,0.345611,0.392690,-0.051379,0.359249,0.322818,-0.079481,0.369973,0.256009,-0.099952,0.270020,0.491449,-0.019772,0.275527,0.402944,-0.067007,0.263447,0.506304,-0.075848,0.260529,0.569034,-0.071497,0.212185,0.491960,-0.029636,0.217299,0.407870,-0.073955,0.212765,0.507104,-0.056996,0.214403,0.570858,-0.033318,0.158855,0.516869,-0.043029,0.158351,0.424944,-0.069336,0.171678,0.490533,-0.051538,0.180195,0.547252,-0.031014
L,0.183558,0.752632,-0.000000,0.282604,0.726357,-0.027802,0.366698,0.675809,-0.044342,0.439430,0.639751,-0.064121,0.490485,0.623987,-0.083552,0.333170,0.498815,-0.008555,0.361130,0.385897,-0.037639,0.377041,0.321783,-0.058995,0.388421,0.259590,-0.075396,0.284780,0.479722,-0.014909,0.296730,0.392566,-0.063541,0.286040,0.489280,-0.073651,0.276116,0.555810,-0.068146,0.232121,0.480036,-0.027040,0.241838,0.408735,-0.072051,0.239155,0.502294,-0.060402,0.234658,0.563032,-0.039295,0.178635,0.499316,-0.042487,0.187898,0.420906,-0.069865,0.200080,0.483571,-0.057823,0.203093,0.537106,-0.041316
L,0.177385,0.781866,-0.000000,0.279222,0.742605,-0.021947,0.357359,0.688882,-0.037178,0.431532,0.648260,-0.056958,0.480619,0.633893,-0.076755,0.318021,0.515259,-0.003299,0.339282,0.395345,-0.033327,0.350989,0.326990,-0.057934,0.357278,0.263005,-0.076088,0.271233,0.497472,-0.009479,0.281257,0.409608,-0.052112,0.274818,0.507230,-0.060083,0.267960,0.573880,-0.055266,0.218111,0.501167,-0.021056,0.225052,0.417298,-0.059000,0.227387,0.508000,-0.045119,0.226011,0.572156,-0.024550,0.165465,0.527078,-0.035695,0.168515,0.435787,-0.057359,0.187298,0.493153,-0.043060,0.194016,0.549467,-0.026137
L,0.179695,0.785262,-0.000000,0.279881,0.748178,-0.023327,0.360347,0.692221,-0.038154,0.431728,0.649695,-0.057234,0.481928,0.634681,-0.076198,0.319453,0.519995,-0.004951,0.341045,0.400348,-0.033015,0.353003,0.333354,-0.054699,0.359970,0.269759,-0.071130,0.271577,0.503263,-0.011605,0.280715,0.413446,-0.055590,0.275260,0.511210,-0.063298,0.267981,0.579303,-0.057651,0.218842,0.507452,-0.023704,0.225308,0.423580,-0.063951,0.227921,0.514492,-0.050683,0.225962,0.578681,-0.029905,0.165721,0.531702,-0.038866,0.168579,0.440287,-0.062822,0.186387,0.497000,-0.049752,0.193425,0.553645,-0.033391
L,0.180244,0.792677,-0.000000,0.278725,0.757198,-0.022214,0.359868,0.700210,-0.035712,0.431406,0.656912,-0.053377,0.480782,0.642455,-0.070901,0.319935,0.526946,-0.003717,0.339208,0.407491,-0.031700,0.350076,0.339658,-0.053112,0.356427,0.276423,-0.069123,0.272661,0.511011,-0.010260,0.281345,0.424657,-0.054381,0.275432,0.523554,-0.061797,0.268187,0.591385,-0.055643,0.220224,0.515208,-0.022177,0.225640,0.433323,-0.063682,0.227730,0.525461,-0.050645,0.226174,0.589366,-0.029432,0.167195,0.539439,-0.036845,0.169776,0.449828,-0.062072,0.186692,0.508253,-0.049177,0.193649,0.565033,-0.032444
T,0.19026844203472137,0.7828388214111328,-5.110988468004507e-07,0.2744261920452118,0.7251135110855103,-0.031202413141727448,0.3254058361053467,0.6009600162506104,-0.04325838387012482,0.3188422918319702,0.4884074330329895,-0.05672977864742279,0.31644585728645325,0.3936663269996643,-0.0641535297036171,0.32227227091789246,0.5176653265953064,-0.011902721598744392,0.366780549287796,0.4165859818458557,-0.06839625537395477,0.35577714443206787,0.47469812631607056,-0.09845425188541412,0.33419036865234375,0.5536138415336609,-0.10571175813674927,0.26173311471939087,0.5036669969558716,-0.013377862982451916,0.28768107295036316,0.4574589133262634,-0.07586604356765747,0.27847832441329956,0.5825580954551697,-0.08777499943971634,0.2719225585460663,0.6707100868225098,-0.07902681082487106,0.198776513338089,0.50086909532547,-0.024142663925886154,0.22439418733119965,0.4652238190174103,-0.08683272451162338,0.22239461541175842,0.5913838148117065,-0.07506125420331955,0.21914079785346985,0.6698777675628662,-0.048136234283447266,0.13124647736549377,0.5111115574836731,-0.03711787611246109,0.16523942351341248,0.47888055443763733,-0.07792933285236359,0.1736534833908081,0.5743703246116638,-0.06482093036174774,0.1728583723306656,0.6323828101158142,-0.04191923886537552
T,0.1914394050836563,0.7807347774505615,-5.355725534172961e-07,0.2758716940879822,0.7245801687240601,-0.03113107942044735,0.3276369571685791,0.6005155444145203,-0.043120529502630234,0.31951916217803955,0.48685169219970703,-0.056434813886880875,0.31699395179748535,0.39084964990615845,-0.06371745467185974,0.32465898990631104,0.5171449780464172,-0.013576818630099297,0.36931487917900085,0.41687342524528503,-0.07047811150550842,0.3579561412334442,0.4767390787601471,-0.10015428811311722,0.33625146746635437,0.5564020872116089,-0.10701018571853638,0.263309121131897,0.5029206275939941,-0.015046692453324795,0.2888450026512146,0.45810815691947937,-0.07768028974533081,0.27915674448013306,0.5844542980194092,-0.08901670575141907,0.27286726236343384,0.6719397306442261,-0.07989392429590225,0.20012050867080688,0.499957799911499,-0.025757430121302605,0.22526659071445465,0.46636253595352173,-0.08874344080686569,0.22299081087112427,0.5936183929443359,-0.07669046521186829,0.2200229912996292,0.6712889671325684,-0.049526147544384,0.13257884979248047,0.510130763053894,-0.03859523683786392,0.1656702756881714,0.47663936018943787,-0.0791521966457367,0.17364588379859924,0.572299063205719,-0.06568486988544464,0.17290225625038147,0.6291395425796509,-0.04264187440276146
T,0.19881895184516907,0.7957056760787964,-5.284330768517975e-07,0.28156986832618713,0.741004228591919,-0.032977890223264694,0.33302009105682373,0.6171779632568359,-0.045715656131505966,0.32657670974731445,0.5046480298042297,-0.05933014303445816,0.3260306119918823,0.4083031415939331,-0.06691564619541168,0.3289056420326233,0.5279622077941895,-0.01367107592523098,0.3746436834335327,0.4343789517879486,-0.07056590914726257,0.3651970624923706,0.4921207129955292,-0.10097521543502808,0.34315407276153564,0.5706400275230408,-0.10836385190486908,0.26837295293807983,0.5129959583282471,-0.013989794999361038,0.2955062687397003,0.4750390946865082,-0.07568985223770142,0.28614330291748047,0.6007805466651917,-0.08718039095401764,0.2783178687095642,0.6882988214492798,-0.07831306755542755,0.20590659976005554,0.5108752250671387,-0.023774728178977966,0.2323727011680603,0.4853940010070801,-0.08652403950691223,0.23036940395832062,0.6114915609359741,-0.07543396204710007,0.22661760449409485,0.6882429122924805,-0.0489201545715332,0.13934677839279175,0.5219016075134277,-0.03583041578531265,0.17317166924476624,0.4952584505081177,-0.07636936753988266,0.18139252066612244,0.5899040699005127,-0.06366126239299774,0.18016184866428375,0.6452831029891968,-0.041137319058179855
T,0.27173879742622375,0.7988018989562988,-4.680003655721521e-07,0.35260459780693054,0.7431758642196655,-0.030612369999289513,0.403619647026062,0.6243285536766052,-0.04354628920555115,0.40105652809143066,0.5187733173370361,-0.057602349668741226,0.3934272229671478,0.42582806944847107,-0.06594140082597733,0.3871455192565918,0.5270208120346069,-0.013924973085522652,0.43982285261154175,0.4489443898200989,-0.07068204879760742,0.43560099601745605,0.5100691318511963,-0.10181380808353424,0.4161350727081299,0.5885928869247437,-0.10955242067575455,0.33085107803344727,0.5138749480247498,-0.015674803406000137,0.37183284759521484,0.4889775216579437,-0.07533932477235794,0.36392146348953247,0.6117898225784302,-0.08568909764289856,0.35352006554603577,0.699123203754425,-0.07640896737575531,0.2716014087200165,0.5149484872817993,-0.026630744338035583,0.31379517912864685,0.502099335193634,-0.08743514865636826,0.3103458881378174,0.6238861680030823,-0.07587901502847672,0.3031480014324188,0.6998591423034668,-0.04932982102036476,0.20867323875427246,0.5291330814361572,-0.03978035971522331,0.2568376660346985,0.5114858150482178,-0.07901854068040848,0.2638035714626312,0.6046682000160217,-0.06562341004610062,0.2583256959915161,0.6609319448471069,-0.042651161551475525
T,0.2407481074333191,0.8028349876403809,-4.422690551564301e-07,0.3192538321018219,0.7399653792381287,-0.029851598665118217,0.36469078063964844,0.6149098873138428,-0.03851218521595001,0.35725778341293335,0.5090571641921997,-0.048832979053258896,0.3487171530723572,0.4193529486656189,-0.05334043875336647,0.3466428518295288,0.5266786813735962,-0.003446729388087988,0.3899899125099182,0.4397563934326172,-0.057224709540605545,0.384673535823822,0.4983648955821991,-0.08608665317296982,0.36730247735977173,0.5741280913352966,-0.0926113948225975,0.2905082106590271,0.5204039812088013,-0.004884743131697178,0.3209116458892822,0.4653545618057251,-0.06282581388950348,0.3182220160961151,0.5816133618354797,-0.07456623762845993,0.3146328628063202,0.667064905166626,-0.06536849588155746,0.23188847303390503,0.5266348123550415,-0.015824589878320694,0.2656124532222748,0.4939449727535248,-0.07843030989170074,0.2678108215332031,0.6169764399528503,-0.06931940466165543,0.26681071519851685,0.6944363117218018,-0.042598430067300797,0.17016646265983582,0.5462955832481384,-0.02865811437368393,0.21193180978298187,0.516582727432251,-0.0699646845459938,0.22167664766311646,0.6072468757629395,-0.058793555945158005,0.22070568799972534,0.6643160581588745,-0.036697667092084885
T,0.23966582119464874,0.8049363493919373,-4.367021233520063e-07,0.3195367753505707,0.743649959564209,-0.02986936643719673,0.36406391859054565,0.6208023428916931,-0.03904043883085251,0.3558887839317322,0.5139105916023254,-0.049907833337783813,0.3490690588951111,0.4239291250705719,-0.05508808791637421,0.34838059544563293,0.5321450233459473,-0.0032394477166235447,0.3904968202114105,0.4442433714866638,-0.057239044457674026,0.3866264224052429,0.4982980489730835,-0.08681820333003998,0.3701721727848053,0.5733751654624939,-0.09392094612121582,0.2921832799911499,0.5246308445930481,-0.0045679169707000256,0.3219752907752991,0.4712730050086975,-0.06267904490232468,0.31828564405441284,0.5870606899261475,-0.0746082291007042,0.3131808340549469,0.6729936003684998,-0.06575291603803635,0.23356106877326965,0.5299149751663208,-0.015430605039000511,0.2663079500198364,0.4981856346130371,-0.07786810398101807,0.2673524022102356,0.6205472350120544,-0.06853966414928436,0.2654179334640503,0.6977808475494385,-0.04198203608393669,0.17162293195724487,0.5488172769546509,-0.028263943269848824,0.21209214627742767,0.5205484628677368,-0.06941882520914078,0.2214021533727646,0.6113357543945312,-0.0581354945898056,0.22021709382534027,0.6682212352752686,-0.03616413474082947
T,0.2372051477432251,0.8035640716552734,-4.463012146516121e-07,0.3165825605392456,0.7425907850265503,-0.029667872935533524,0.3623078167438507,0.6201692819595337,-0.03913141414523125,0.3533911108970642,0.5131264925003052,-0.05038261413574219,0.347287654876709,0.4227904677391052,-0.055960580706596375,0.34736841917037964,0.5324115753173828,-0.0040103658102452755,0.3888968229293823,0.4434909224510193,-0.058567196130752563,0.38332271575927734,0.4971621632575989,-0.08825082331895828,0.36635684967041016,0.5722106099128723,-0.09538046270608902,0.29003021121025085,0.5244959592819214,-0.005703187547624111,0.3186531960964203,0.4714873135089874,-0.06452186405658722,0.3145764470100403,0.5870645642280579,-0.07655425369739532,0.31041786074638367,0.6727972030639648,-0.06777209788560867,0.23098884522914886,0.5294105410575867,-0.01690765470266342,0.2618851959705353,0.497598797082901,-0.07978545129299164,0.26258358359336853,0.620143473148346,-0.0703040137887001,0.261503666639328,0.6974018216133118,-0.043678514659404755,0.16879329085350037,0.5481668710708618,-0.030070679262280464,0.20802414417266846,0.5183295607566833,-0.07141482084989548,0.21749699115753174,0.6098030805587769,-0.05998420715332031,0.2173258364200592,0.6675195693969727,-0.037881288677453995
T,0.237571120262146,0.8033344745635986,-4.62240592469243e-07,0.31753700971603394,0.7424860000610352,-0.02914346195757389,0.36329710483551025,0.618438184261322,-0.03780178353190422,0.3545868992805481,0.5116317868232727,-0.04824741557240486,0.347993940114975,0.4229661226272583,-0.052842628210783005,0.34911274909973145,0.5319310426712036,-0.004416964948177338,0.39130544662475586,0.4424842894077301,-0.057976506650447845,0.3841952085494995,0.49915623664855957,-0.08633863180875778,0.3667072057723999,0.5744503736495972,-0.09274289757013321,0.2919773757457733,0.5236030220985413,-0.006105398293584585,0.320780485868454,0.4732395112514496,-0.06463645398616791,0.31556397676467896,0.5893564224243164,-0.07596109807491302,0.31157413125038147,0.6738312244415283,-0.06666143238544464,0.2328772246837616,0.5282319784164429,-0.017101354897022247,0.26357653737068176,0.4985367953777313,-0.07956839352846146,0.2635805010795593,0.6215037703514099,-0.06981132179498672,0.2625872790813446,0.6983708739280701,-0.04306364059448242,0.17055284976959229,0.5466429591178894,-0.030006006360054016,0.20910081267356873,0.5201143622398376,-0.07104112207889557,0.21801118552684784,0.6118821501731873,-0.059667788445949554,0.2180352509021759,0.668769359588623,-0.037604883313179016
A,0.2345203012228012,0.7657140493392944,-5.924345600760716e-07,0.33064624667167664,0.6957399249076843,-0.022801203653216362,0.38891446590423584,0.5795678496360779,-0.02726428210735321,0.40796738862991333,0.46067583560943604,-0.03189864009618759,0.4051985740661621,0.368925005197525,-0.03068545274436474,0.34731292724609375,0.48556146025657654,-0.008299823850393295,0.35448434948921204,0.4124448895454407,-0.04663749411702156,0.34411144256591797,0.5152817368507385,-0.06112886592745781,0.33276131749153137,0.5770890116691589,-0.06137092038989067,0.28583022952079773,0.4733853340148926,-0.00838748924434185,0.29604458808898926,0.40900087356567383,-0.04859745502471924,0.29524466395378113,0.5283242464065552,-0.0520033985376358,0.28790244460105896,0.5854274034500122,-0.04317887872457504,0.2261713445186615,0.4747856855392456,-0.014350681565701962,0.2326871156692505,0.4017033874988556,-0.05701947584748268,0.24357421696186066,0.5255782008171082,-0.038563184440135956,0.24296404421329498,0.5912575125694275,-0.012733961455523968,0.16449883580207825,0.4930470883846283,-0.02169746905565262,0.17335933446884155,0.41494572162628174,-0.050990741699934006,0.1932772696018219,0.5014349818229675,-0.03445649519562721,0.2023177146911621,0.558690071105957,-0.01157500222325325
A,0.22833356261253357,0.7721492648124695,-5.896886250411626e-07,0.3256504535675049,0.6997042298316956,-0.024533836171030998,0.3841128349304199,0.5853511095046997,-0.030266346409916878,0.4026948809623718,0.46489179134368896,-0.03585321828722954,0.40034884214401245,0.3724290728569031,-0.035129666328430176,0.3397858738899231,0.48890456557273865,-0.009512215852737427,0.34704872965812683,0.41613829135894775,-0.049467407166957855,0.33701640367507935,0.5215997695922852,-0.06416062265634537,0.32631921768188477,0.585425853729248,-0.06412149220705032,0.2786572575569153,0.4770940840244293,-0.00895522441715002,0.28872597217559814,0.41318729519844055,-0.05196429044008255,0.2879314720630646,0.5350785255432129,-0.05592920631170273,0.28123533725738525,0.5933029651641846,-0.046866342425346375,0.2192741334438324,0.4796525835990906,-0.014459306374192238,0.22480179369449615,0.4072954058647156,-0.058987487107515335,0.23583148419857025,0.5318611264228821,-0.03999180346727371,0.2358119785785675,0.5975874662399292,-0.01327573973685503,0.15748879313468933,0.49970245361328125,-0.021487047895789146,0.16372644901275635,0.4209878444671631,-0.051587432622909546,0.18482667207717896,0.5072277784347534,-0.034959953278303146,0.19559210538864136,0.5639748573303223,-0.011726818978786469
A,0.22583219408988953,0.7684327363967896,-5.938230174251657e-07,0.3207332491874695,0.7009626626968384,-0.024677563458681107,0.37719762325286865,0.586584210395813,-0.030398966744542122,0.394564151763916,0.4674553871154785,-0.03600265085697174,0.3949087858200073,0.3761102855205536,-0.03563154116272926,0.33645397424697876,0.49084147810935974,-0.010880815796554089,0.34143006801605225,0.4177781343460083,-0.05042760819196701,0.33108997344970703,0.5212310552597046,-0.06478719413280487,0.3213326930999756,0.5830003619194031,-0.06488999724388123,0.2752705216407776,0.4788764417171478,-0.010373877361416817,0.282787561416626,0.41561222076416016,-0.05183536559343338,0.28168386220932007,0.5354101657867432,-0.05445599928498268,0.27605098485946655,0.5911861658096313,-0.04495139420032501,0.21576741337776184,0.48025989532470703,-0.01605629362165928,0.22012180089950562,0.40788084268569946,-0.06047647073864937,0.2301003783941269,0.5321660041809082,-0.041315022855997086,0.23039652407169342,0.5962624549865723,-0.014738960191607475,0.15404799580574036,0.49880796670913696,-0.023251228034496307,0.1602535843849182,0.42152124643325806,-0.05391043424606323,0.1797018051147461,0.508621335029602,-0.03750402852892876,0.18993136286735535,0.5655447244644165,-0.014525930397212505
A,0.2656266391277313,0.7570756077766418,-6.216990868779249e-07,0.36022305488586426,0.6936396360397339,-0.0220500435680151,0.41906389594078064,0.5773046612739563,-0.026018891483545303,0.43623170256614685,0.46038031578063965,-0.03089447133243084,0.43790626525878906,0.37121427059173584,-0.03006470948457718,0.37759849429130554,0.48555365204811096,-0.008261525072157383,0.3868478536605835,0.4071251153945923,-0.047316789627075195,0.37556004524230957,0.5116927623748779,-0.06026551499962807,0.3646182119846344,0.5749353170394897,-0.059025783091783524,0.3179383873939514,0.4743117690086365,-0.00890857633203268,0.3308591842651367,0.40919458866119385,-0.04866085946559906,0.32753610610961914,0.5299261808395386,-0.0490000955760479,0.3195089101791382,0.5852958559989929,-0.03798893466591835,0.25833871960639954,0.4742867946624756,-0.015998350456357002,0.2690739631652832,0.3982461988925934,-0.059979114681482315,0.27695968747138977,0.5238615870475769,-0.040231455117464066,0.27494487166404724,0.5893725752830505,-0.013062032870948315,0.1960943341255188,0.48882579803466797,-0.02442941442131996,0.20816873013973236,0.40739718079566956,-0.054431818425655365,0.22744831442832947,0.4937419891357422,-0.037779584527015686,0.23652684688568115,0.5529276132583618,-0.014713512733578682
A,0.29636073112487793,0.7692422270774841,-6.136170895842952e-07,0.3934638798236847,0.7196683287620544,-0.02470000460743904,0.45888012647628784,0.6031554341316223,-0.029325177893042564,0.47849440574645996,0.4857340455055237,-0.03344191983342171,0.4865671694278717,0.3985607624053955,-0.03197231888771057,0.4198702573776245,0.5094215273857117,-0.013449259102344513,0.4299279451370239,0.43458276987075806,-0.05085732415318489,0.41497236490249634,0.5358027815818787,-0.06233144551515579,0.40195608139038086,0.595513641834259,-0.060930535197257996,0.3589356243610382,0.4951114356517792,-0.012841202318668365,0.37262648344039917,0.4308631122112274,-0.051125433295965195,0.3658922016620636,0.5496178865432739,-0.05032262206077576,0.35569384694099426,0.6040905714035034,-0.03888707235455513,0.29933643341064453,0.4916323721408844,-0.018473481759428978,0.30971843004226685,0.4187089204788208,-0.062007635831832886,0.31445762515068054,0.5443946123123169,-0.042190369218587875,0.3111490309238434,0.6066805124282837,-0.015577847138047218,0.23696047067642212,0.5029311180114746,-0.025450512766838074,0.2503148913383484,0.4275808334350586,-0.056497007608413696,0.2652076482772827,0.5183912515640259,-0.040313053876161575,0.27128663659095764,0.5757061839103699,-0.01787063106894493
A,0.2649582624435425,0.7585311532020569,-6.047638976269809e-07,0.36162927746772766,0.7033185362815857,-0.024342846125364304,0.42445671558380127,0.5934092998504639,-0.02985631674528122,0.4430851340293884,0.47561177611351013,-0.03497619181871414,0.4506857991218567,0.38771700859069824,-0.03401871770620346,0.38889625668525696,0.49747300148010254,-0.011231176555156708,0.3953271806240082,0.42273247241973877,-0.05054329335689545,0.37987256050109863,0.5249961018562317,-0.06358852982521057,0.36879900097846985,0.5847873687744141,-0.06265052407979965,0.3279908001422882,0.48170581459999084,-0.010561109520494938,0.3372574746608734,0.4174928665161133,-0.0507819689810276,0.331307590007782,0.5367431044578552,-0.05125371739268303,0.32469239830970764,0.590223491191864,-0.04019172489643097,0.2688506245613098,0.47785061597824097,-0.01621265336871147,0.27520349621772766,0.4051610231399536,-0.06101032719016075,0.27962958812713623,0.5308831930160522,-0.04147748649120331,0.27844977378845215,0.5926877856254578,-0.01449024211615324,0.20744264125823975,0.49007463455200195,-0.02313603088259697,0.21547356247901917,0.41458988189697266,-0.05436049401760101,0.23080259561538696,0.5049653649330139,-0.038275789469480515,0.2395123988389969,0.5616539120674133,-0.015425125136971474
A,0.24164682626724243,0.7655016183853149,-5.958943347650347e-07,0.33597856760025024,0.7003527283668518,-0.025390923023223877,0.3944054841995239,0.5896662473678589,-0.03232821449637413,0.4128815531730652,0.4687240421772003,-0.03914066031575203,0.4163234233856201,0.3763415813446045,-0.03962954506278038,0.3557334542274475,0.4914183020591736,-0.011108404956758022,0.3585028350353241,0.4148963689804077,-0.052636824548244476,0.34654688835144043,0.5184304118156433,-0.06741456687450409,0.33729255199432373,0.5797828435897827,-0.0672096312046051,0.2937016785144806,0.47916918992996216,-0.010537710040807724,0.2994692027568817,0.4135322570800781,-0.053724534809589386,0.2977025508880615,0.5346212387084961,-0.05608813464641571,0.29384520649909973,0.5889567732810974,-0.04589799419045448,0.2337069809436798,0.47904786467552185,-0.01649581827223301,0.2360929697751999,0.4058300256729126,-0.0628199577331543,0.24484139680862427,0.5312638878822327,-0.04364137351512909,0.24633857607841492,0.5940504670143127,-0.01646561734378338,0.1720873862504959,0.49496740102767944,-0.023931562900543213,0.1744125783443451,0.415888249874115,-0.05526594817638397,0.19418348371982574,0.502985417842865,-0.03910891339182854,0.20674848556518555,0.5594671368598938,-0.015974011272192
A,0.24280396103858948,0.7738193869590759,-5.941993208580243e-07,0.3360558748245239,0.713212251663208,-0.025937596336007118,0.3939610421657562,0.6012062430381775,-0.03263675794005394,0.41224128007888794,0.4816057085990906,-0.03896699473261833,0.41658562421798706,0.39048123359680176,-0.03898731991648674,0.35753166675567627,0.5038231611251831,-0.011407513171434402,0.3593399226665497,0.42743849754333496,-0.053645599633455276,0.3461907207965851,0.5326370596885681,-0.06880006194114685,0.33786970376968384,0.5947113037109375,-0.0687287226319313,0.2949110269546509,0.490600049495697,-0.010540223680436611,0.30033785104751587,0.42554354667663574,-0.05415760353207588,0.29750585556030273,0.5480728149414062,-0.056154150515794754,0.29427260160446167,0.6033294200897217,-0.04539131000638008,0.2337922751903534,0.48914834856987,-0.01644865795969963,0.23631244897842407,0.41715121269226074,-0.06425957381725311,0.24341556429862976,0.5446975827217102,-0.04509102925658226,0.24515312910079956,0.6073189377784729,-0.01745849847793579,0.1719028651714325,0.5033837556838989,-0.023742929100990295,0.1750945895910263,0.4270995259284973,-0.05632396414875984,0.19174331426620483,0.5176275968551636,-0.04019647464156151,0.20252081751823425,0.5743951797485352,-0.01682431437075138
A,0.24056939780712128,0.7740182280540466,-6.06679179782077e-07,0.33260244131088257,0.7146942019462585,-0.026400357484817505,0.3905334174633026,0.602882981300354,-0.033563531935214996,0.410285621881485,0.48416417837142944,-0.04046405479311943,0.4146101176738739,0.39248210191726685,-0.0412854440510273,0.3555337190628052,0.5053585171699524,-0.012836656533181667,0.3568010628223419,0.4283748269081116,-0.055499494075775146,0.34385985136032104,0.531461775302887,-0.07066114991903305,0.33565059304237366,0.5934974551200867,-0.07047189772129059,0.29370829463005066,0.49221885204315186,-0.011935370042920113,0.29730579257011414,0.4274598956108093,-0.055449362844228745,0.294027715921402,0.5489469170570374,-0.0563921295106411,0.29121798276901245,0.603472113609314,-0.04485907033085823,0.23313401639461517,0.49030792713165283,-0.018018821254372597,0.23349638283252716,0.41884511709213257,-0.06596583127975464,0.24068786203861237,0.5452961325645447,-0.046606604009866714,0.24304020404815674,0.6071961522102356,-0.018848681822419167,0.17147091031074524,0.5042730569839478,-0.025600934401154518,0.17257297039031982,0.42864200472831726,-0.058633822947740555,0.19049009680747986,0.5178638696670532,-0.04296519607305527,0.20319896936416626,0.5744678378105164,-0.01989658921957016
T,0.2330636829137802,0.809916615486145,-6.471734081969771e-07,0.3198975920677185,0.7395361065864563,-0.026563024148344994,0.36455804109573364,0.6065812110900879,-0.03563350811600685,0.3441486358642578,0.49277591705322266,-0.04783600568771362,0.3300463557243347,0.3995204269886017,-0.05450678989291191,0.3445097506046295,0.5246918201446533,-0.011218908242881298,0.3855544626712799,0.41295337677001953,-0.06617003679275513,0.38115549087524414,0.4800526797771454,-0.09326189756393433,0.36398792266845703,0.5584045648574829,-0.0980464369058609,0.28255534172058105,0.520027220249176,-0.015124077908694744,0.31020277738571167,0.454145610332489,-0.07227670401334763,0.3059360086917877,0.5849402546882629,-0.08006595075130463,0.29830124974250793,0.6729772090911865,-0.0699116438627243,0.21993564069271088,0.5248547196388245,-0.027912547811865807,0.24843770265579224,0.4645434319972992,-0.08690992742776871,0.25298649072647095,0.5928151607513428,-0.07280607521533966,0.24837101995944977,0.6757105588912964,-0.044642478227615356,0.15377163887023926,0.5410267114639282,-0.04268498346209526,0.18573595583438873,0.462546169757843,-0.07767540216445923,0.2056720107793808,0.5425906181335449,-0.06076979264616966,0.20995266735553741,0.6055409908294678,-0.03650597482919693
T,0.2555082142353058,0.8121137022972107,-6.313798621704336e-07,0.34054186940193176,0.745695948600769,-0.02769092284142971,0.39028292894363403,0.6177888512611389,-0.03823075816035271,0.3801191747188568,0.5057254433631897,-0.051281269639730453,0.3638835549354553,0.4140007495880127,-0.058792594820261,0.3640546500682831,0.5230116248130798,-0.011085523292422295,0.4089753031730652,0.42491427063941956,-0.06659602373838425,0.4067690968513489,0.4975229799747467,-0.09606534987688065,0.3880693316459656,0.5805544853210449,-0.10228139162063599,0.30427804589271545,0.516638994216919,-0.014132312498986721,0.3380413055419922,0.46059101819992065,-0.06942591816186905,0.3349713981151581,0.5896814465522766,-0.0778566524386406,0.3246276080608368,0.6781984567642212,-0.0684882178902626,0.2437397837638855,0.5219470262527466,-0.026202905923128128,0.27733397483825684,0.47021394968032837,-0.08247824013233185,0.2830755412578583,0.5936658978462219,-0.06903724372386932,0.2778170704841614,0.6750074625015259,-0.04216158762574196,0.17991599440574646,0.5403485298156738,-0.04047088697552681,0.21718406677246094,0.4689410626888275,-0.07428670674562454,0.2356969714164734,0.5491921305656433,-0.057535331696271896,0.2371501475572586,0.6118665933609009,-0.03350935876369476
T,0.2709900736808777,0.8191124200820923,-6.127658593868546e-07,0.35668182373046875,0.7584125995635986,-0.030554892495274544,0.40855035185813904,0.6328620910644531,-0.04284431040287018,0.3931836783885956,0.5181248188018799,-0.056981444358825684,0.3794625997543335,0.4234148859977722,-0.0652543157339096,0.387021541595459,0.5402266979217529,-0.01732838712632656,0.43323200941085815,0.43437910079956055,-0.0735928937792778,0.43016061186790466,0.5016112327575684,-0.10194221884012222,0.41175568103790283,0.5815244913101196,-0.10751107335090637,0.32654568552970886,0.532313346862793,-0.019600171595811844,0.36000868678092957,0.4788900315761566,-0.07741660624742508,0.35269033908843994,0.6085354685783386,-0.0848856195807457,0.3411218225955963,0.6960287094116211,-0.07488697022199631,0.26527029275894165,0.5349549055099487,-0.030993040651082993,0.29938775300979614,0.4847460389137268,-0.08997031301259995,0.30061671137809753,0.6113688349723816,-0.07569478452205658,0.2928430736064911,0.6940860748291016,-0.0480097196996212,0.20019082725048065,0.549081563949585,-0.04480366408824921,0.23854677379131317,0.481899231672287,-0.08101263642311096,0.2549649775028229,0.5633397102355957,-0.06509190052747726,0.2551959156990051,0.6250373125076294,-0.04145282134413719
T,0.2649797797203064,0.8206431865692139,-6.170778874547977e-07,0.3518151342868805,0.7570163011550903,-0.029328903183341026,0.4013059139251709,0.6321462988853455,-0.04108915850520134,0.38541173934936523,0.5188964605331421,-0.055121857672929764,0.37315472960472107,0.423229843378067,-0.06319038569927216,0.38056468963623047,0.541485071182251,-0.015135414898395538,0.42550745606422424,0.4358137845993042,-0.07116235792636871,0.42193838953971863,0.5059952735900879,-0.09938467293977737,0.40414145588874817,0.5858780741691589,-0.10496865957975388,0.3205495774745941,0.5341341495513916,-0.017932474613189697,0.35258081555366516,0.4784000515937805,-0.07536249607801437,0.3460850119590759,0.6069266200065613,-0.08333969861268997,0.33602023124694824,0.6930393576622009,-0.07376085966825485,0.259578675031662,0.5367764234542847,-0.029818527400493622,0.2927451431751251,0.484657347202301,-0.08816631138324738,0.29477930068969727,0.6096116304397583,-0.07430951297283173,0.2881365418434143,0.6907123327255249,-0.04704032093286514,0.19469767808914185,0.5508434772491455,-0.04404687508940697,0.23246043920516968,0.48384127020835876,-0.07969930022954941,0.2487027645111084,0.5650792121887207,-0.06404659152030945,0.2490808367729187,0.6260185837745667,-0.040724072605371475
T,0.2628058195114136,0.8193657994270325,-6.208647960193048e-07,0.3481009006500244,0.7544690370559692,-0.029130367562174797,0.3964807093143463,0.6280490756034851,-0.040942467749118805,0.3800138831138611,0.514960527420044,-0.05507535859942436,0.3661562204360962,0.42060399055480957,-0.0634334608912468,0.3772352337837219,0.5399211645126343,-0.015901779755949974,0.4199531674385071,0.4323718845844269,-0.0719495415687561,0.416115939617157,0.4997851550579071,-0.1000622808933258,0.3986928164958954,0.5805187821388245,-0.10538365691900253,0.3167731761932373,0.5341166853904724,-0.018508831039071083,0.34618985652923584,0.478901743888855,-0.0761728584766388,0.34067922830581665,0.6067249178886414,-0.08406433463096619,0.3322637677192688,0.6936433911323547,-0.07437393814325333,0.25520059466362,0.5372317433357239,-0.030142664909362793,0.28603270649909973,0.48512423038482666,-0.08897048979997635,0.28859132528305054,0.6104031801223755,-0.07525584101676941,0.28315848112106323,0.6928941607475281,-0.047985196113586426,0.18957683444023132,0.5509914755821228,-0.04404308646917343,0.2258939892053604,0.4828128218650818,-0.08023648709058762,0.242203950881958,0.5647504925727844,-0.06462370604276657,0.2431349903345108,0.6273909211158752,-0.0411849208176136
T,0.29911109805107117,0.8027957677841187,-5.91600098687195e-07,0.3848642110824585,0.741960883140564,-0.02871667966246605,0.434937983751297,0.6202511191368103,-0.040217842906713486,0.421015202999115,0.508119523525238,-0.05392416566610336,0.4087696373462677,0.4147462248802185,-0.06196468323469162,0.4140045642852783,0.5291886329650879,-0.015100020915269852,0.4587898850440979,0.4298132061958313,-0.07046414166688919,0.454531192779541,0.49693527817726135,-0.09851588308811188,0.4360892176628113,0.5758718252182007,-0.10391451418399811,0.3545660972595215,0.521388590335846,-0.01771535724401474,0.38770774006843567,0.46704044938087463,-0.07430033385753632,0.3805887997150421,0.5927959084510803,-0.08201565593481064,0.36997219920158386,0.6789685487747192,-0.07221195101737976,0.2943909466266632,0.5233749747276306,-0.029282504692673683,0.329019159078598,0.47565680742263794,-0.08727700263261795,0.32992371916770935,0.5986499190330505,-0.07424362003803253,0.3224499821662903,0.6797035336494446,-0.047382328659296036,0.2306397259235382,0.5366842150688171,-0.043074123561382294,0.2694178819656372,0.4693848192691803,-0.07824438810348511,0.2855210602283478,0.5482860207557678,-0.06283625960350037,0.28591296076774597,0.6099445223808289,-0.03969737887382507
T,0.28915083408355713,0.8082504272460938,-6.123348725850519e-07,0.37515974044799805,0.7473284006118774,-0.028665175661444664,0.42552894353866577,0.6258054375648499,-0.04002394154667854,0.4113149046897888,0.5129307508468628,-0.053549375385046005,0.40240946412086487,0.41896355152130127,-0.061154890805482864,0.4046228528022766,0.5379621386528015,-0.01548155490309,0.45028430223464966,0.43681782484054565,-0.07059194892644882,0.4439983367919922,0.5075239539146423,-0.09792374074459076,0.4241337180137634,0.5853215456008911,-0.10310100764036179,0.34511446952819824,0.5300495028495789,-0.01831478625535965,0.3780061602592468,0.47191277146339417,-0.0742371529340744,0.3694326877593994,0.5986823439598083,-0.0813191682100296,0.3582189977169037,0.6831780076026917,-0.07138360291719437,0.28490346670150757,0.5315272212028503,-0.03006472997367382,0.3192206025123596,0.48029300570487976,-0.08734235167503357,0.3191879391670227,0.6032218933105469,-0.0732484981417656,0.311165452003479,0.6824764013290405,-0.045971669256687164,0.2209276258945465,0.5445454716682434,-0.04404637590050697,0.25896549224853516,0.476764440536499,-0.07836482673883438,0.27447009086608887,0.5556281805038452,-0.06231258437037468,0.2746284008026123,0.6161457300186157,-0.039029814302921295
T,0.31508734822273254,0.803696870803833,-5.73767692912952e-07,0.3986095190048218,0.7463832497596741,-0.028113389387726784,0.45068496465682983,0.6261747479438782,-0.03842023387551308,0.44095104932785034,0.5154570937156677,-0.0508413165807724,0.4272947609424591,0.42540109157562256,-0.05785736069083214,0.42951732873916626,0.5343979597091675,-0.012403019703924656,0.47394081950187683,0.440613716840744,-0.06546159088611603,0.47022175788879395,0.5070878267288208,-0.09264145791530609,0.4515366554260254,0.5827889442443848,-0.09804447740316391,0.37210896611213684,0.5253440737724304,-0.014930971898138523,0.4058566987514496,0.47295624017715454,-0.06922886520624161,0.398777037858963,0.596913754940033,-0.07673273235559464,0.38730505108833313,0.68129962682724,-0.06702417880296707,0.3130510151386261,0.5267972350120544,-0.026291750371456146,0.34763389825820923,0.48156383633613586,-0.08279768377542496,0.34805089235305786,0.6033865809440613,-0.07024425268173218,0.33987945318222046,0.6828293800354004,-0.043908994644880295,0.2502564787864685,0.5400352478027344,-0.0398099459707737,0.2896827459335327,0.4763275980949402,-0.07456813752651215,0.30541151762008667,0.5550462603569031,-0.05963180959224701,0.30543074011802673,0.6161006689071655,-0.03691737726330757
T,0.2461804747581482,0.8445885181427002,-4.3407862904132344e-07,0.32199060916900635,0.7753978967666626,-0.03151284530758858,0.36388882994651794,0.6411306262016296,-0.04026930034160614,0.35748302936553955,0.531037449836731,-0.050489723682403564,0.34470993280410767,0.4386921525001526,-0.05498415231704712,0.3409712612628937,0.5537577867507935,-0.006603434216231108,0.38748878240585327,0.4654802083969116,-0.060726314783096313,0.3856765627861023,0.5178154706954956,-0.08828424662351608,0.3689230978488922,0.591624915599823,-0.0932653471827507,0.2829952836036682,0.5506860017776489,-0.007987811230123043,0.3158476948738098,0.4843153655529022,-0.0657869502902031,0.3154769539833069,0.6001236438751221,-0.07548021525144577,0.3109581172466278,0.6884244680404663,-0.06418634951114655,0.22348879277706146,0.5623550415039062,-0.019100764766335487,0.260922372341156,0.531602680683136,-0.08325546979904175,0.26963844895362854,0.6536718010902405,-0.07483753561973572,0.2696092426776886,0.7327857613563538,-0.04727783426642418,0.16212281584739685,0.5871853232383728,-0.03211735188961029,0.2058744728565216,0.5380961894989014,-0.0727655366063118,0.22745764255523682,0.6189956068992615,-0.0605267733335495,0.233534574508667,0.6778161525726318,-0.03747880831360817
T,0.2464129775762558,0.8456404805183411,-4.4938704490959935e-07,0.3200717568397522,0.7772565484046936,-0.03046220913529396,0.36288318037986755,0.6434952020645142,-0.038634054362773895,0.3589346408843994,0.5337527990341187,-0.04841321334242821,0.34587979316711426,0.4417361319065094,-0.05264749750494957,0.3378106951713562,0.5537353157997131,-0.0058681778609752655,0.3840526044368744,0.46807795763015747,-0.05933532863855362,0.38186097145080566,0.525534987449646,-0.08703497797250748,0.3653581738471985,0.6021991968154907,-0.09225297719240189,0.2800753712654114,0.5502882599830627,-0.007469591218978167,0.3145572543144226,0.48849499225616455,-0.06399554014205933,0.31378453969955444,0.6038494110107422,-0.07371379435062408,0.30944642424583435,0.6922392845153809,-0.06288011372089386,0.22091683745384216,0.5620207786560059,-0.01871716044843197,0.26019567251205444,0.5360463261604309,-0.08117695152759552,0.26825177669525146,0.6562997102737427,-0.07338681817054749,0.2683032155036926,0.7348098158836365,-0.04689504951238632,0.16014206409454346,0.587170422077179,-0.031837157905101776,0.20558317005634308,0.5430654883384705,-0.07144887745380402,0.22726818919181824,0.6236799359321594,-0.05973057448863983,0.2338642030954361,0.682395339012146,-0.037378691136837006
T,0.24613475799560547,0.8414123058319092,-4.3135040073138953e-07,0.32881754636764526,0.7802274227142334,-0.025716815143823624,0.37053513526916504,0.6505708694458008,-0.03366181254386902,0.35661473870277405,0.5394259691238403,-0.044869355857372284,0.3443157374858856,0.45553022623062134,-0.051265448331832886,0.3446681797504425,0.5582149624824524,-0.005780654959380627,0.3759278655052185,0.4421001970767975,-0.0558573417365551,0.38360318541526794,0.4789029359817505,-0.08120153099298477,0.3798849582672119,0.5541254878044128,-0.08522974699735641,0.2874980568885803,0.5600456595420837,-0.009356348775327206,0.32064512372016907,0.491807758808136,-0.06684666126966476,0.31447330117225647,0.6024017333984375,-0.07606060802936554,0.30624914169311523,0.68843013048172,-0.06450580805540085,0.23099683225154877,0.5724869966506958,-0.021511957049369812,0.2644428610801697,0.529880940914154,-0.08319724351167679,0.2659619152545929,0.6466870307922363,-0.07400934398174286,0.2627258896827698,0.7252543568611145,-0.04709136113524437,0.1730072796344757,0.595138669013977,-0.03540526330471039,0.21313193440437317,0.5375828742980957,-0.07596133649349213,0.2314620018005371,0.6182120442390442,-0.06449849158525467,0.2380276918411255,0.6816930174827576,-0.042204372584819794
T,0.23317919671535492,0.844394862651825,-4.923923029309663e-07,0.30910664796829224,0.775309681892395,-0.02355470135807991,0.34306517243385315,0.652256429195404,-0.030018562451004982,0.3314800560474396,0.5458143949508667,-0.04000126197934151,0.32426509261131287,0.4524708390235901,-0.044893402606248856,0.33923912048339844,0.5794956088066101,-0.0017437416827306151,0.3776310086250305,0.4814753532409668,-0.05046294257044792,0.3678393065929413,0.5364125967025757,-0.07513178884983063,0.34794068336486816,0.60679030418396,-0.0796281099319458,0.2840765416622162,0.5742961168289185,-0.006472324952483177,0.30455470085144043,0.496786504983902,-0.05863189697265625,0.2972874343395233,0.605152428150177,-0.06872928887605667,0.291164368391037,0.6866441965103149,-0.05990980193018913,0.22555537521839142,0.5805884003639221,-0.019556259736418724,0.24749183654785156,0.5268571972846985,-0.07558660209178925,0.251088410615921,0.6402972340583801,-0.06741306930780411,0.24926671385765076,0.7152341604232788,-0.042998749762773514,0.16442058980464935,0.5979101061820984,-0.034147948026657104,0.19746838510036469,0.5312002301216125,-0.06787822395563126,0.2181195318698883,0.6014062762260437,-0.05495860055088997,0.22589175403118134,0.658565878868103,-0.03371302783489227
T,0.23624907433986664,0.8445776104927063,-5.053353220318968e-07,0.31324440240859985,0.7755222320556641,-0.023289257660508156,0.34861281514167786,0.6519256234169006,-0.029776159673929214,0.3351552486419678,0.5454912185668945,-0.03967384621500969,0.32604479789733887,0.45343953371047974,-0.04441679269075394,0.34295782446861267,0.5788593292236328,-0.00328081869520247,0.38079166412353516,0.48151227831840515,-0.052673593163490295,0.3706502914428711,0.5371852517127991,-0.07744352519512177,0.3508470058441162,0.6086603403091431,-0.08185385167598724,0.28676706552505493,0.5744144916534424,-0.008169127628207207,0.3080403506755829,0.49892306327819824,-0.06098087504506111,0.29995739459991455,0.6081277132034302,-0.07060086727142334,0.29303616285324097,0.6902560591697693,-0.06136622279882431,0.22758926451206207,0.5810195207595825,-0.0213365089148283,0.24962148070335388,0.5295314788818359,-0.07787717878818512,0.2532989978790283,0.6432414054870605,-0.06912415474653244,0.2515709698200226,0.7177276611328125,-0.044315360486507416,0.1659218668937683,0.5985124707221985,-0.03594546392560005,0.19974350929260254,0.5328758955001831,-0.06986436247825623,0.21946850419044495,0.6047765016555786,-0.05636104941368103,0.22600892186164856,0.6619905233383179,-0.03469747677445412
T,0.2375359833240509,0.8514880537986755,-5.023358085054497e-07,0.31585919857025146,0.7791699767112732,-0.02310175634920597,0.35210520029067993,0.65677809715271,-0.029353898018598557,0.33997657895088196,0.550733208656311,-0.03926755487918854,0.3312772810459137,0.45899152755737305,-0.0440589003264904,0.3462074398994446,0.5835569500923157,-0.0002773573505692184,0.38233253359794617,0.48867329955101013,-0.05015173926949501,0.3725733757019043,0.5420206189155579,-0.07610056549310684,0.3540126383304596,0.6135646104812622,-0.08104515820741653,0.2902357280254364,0.578438401222229,-0.004833776969462633,0.30967509746551514,0.5063766241073608,-0.05923425406217575,0.3017825484275818,0.6139281988143921,-0.07046904414892197,0.2959619164466858,0.6983287334442139,-0.06164256110787392,0.23122870922088623,0.583652138710022,-0.01786963827908039,0.2522609829902649,0.538425087928772,-0.07579463720321655,0.25609490275382996,0.6516793370246887,-0.06871819496154785,0.25565460324287415,0.7289936542510986,-0.04424803704023361,0.16920322179794312,0.5996362566947937,-0.03237438201904297,0.20293861627578735,0.5398648977279663,-0.06738242506980896,0.22144484519958496,0.6122492551803589,-0.05525113269686699,0.22762994468212128,0.6709859371185303,-0.03396722674369812
T,0.23593470454216003,0.8465728759765625,-3.359729703333869e-07,0.32086557149887085,0.7910048961639404,-0.02408178709447384,0.3636742830276489,0.6655473113059998,-0.02984285168349743,0.35124319791793823,0.5581414103507996,-0.03885422274470329,0.3409988582134247,0.48200544714927673,-0.04434477165341377,0.33860254287719727,0.5796262621879578,0.002302188891917467,0.363394558429718,0.4772228002548218,-0.04174603894352913,0.37270230054855347,0.49097180366516113,-0.06360738724470139,0.37243929505348206,0.5551819205284119,-0.06608759611845016,0.2827787697315216,0.5768764615058899,-0.0005681475740857422,0.314859539270401,0.506623387336731,-0.05501129850745201,0.30530524253845215,0.6108626127243042,-0.06341411173343658,0.29447510838508606,0.6977468729019165,-0.049760472029447556,0.22841329872608185,0.5853690505027771,-0.011802182532846928,0.2593570351600647,0.5408918261528015,-0.07003564387559891,0.2599075138568878,0.6492687463760376,-0.06260250508785248,0.25546354055404663,0.7278761863708496,-0.03636706620454788,0.17161473631858826,0.6046648621559143,-0.024688299745321274,0.20542946457862854,0.5428565144538879,-0.06277457624673843,0.22392034530639648,0.6109378337860107,-0.05345280095934868,0.23129451274871826,0.6722134351730347,-0.03282807767391205
T,0.23235350847244263,0.8448891639709473,-3.823833480964822e-07,0.3184259533882141,0.7890954613685608,-0.020676979795098305,0.3621072769165039,0.6626958250999451,-0.024285178631544113,0.3499276041984558,0.5554779767990112,-0.031788673251867294,0.3402259647846222,0.4798000454902649,-0.036053311079740524,0.33511024713516235,0.5771175622940063,0.0042312354780733585,0.3602945804595947,0.4713395833969116,-0.03804068639874458,0.37071162462234497,0.4902774691581726,-0.0589151494204998,0.3712078928947449,0.5548046827316284,-0.06118466705083847,0.2802344560623169,0.5750045776367188,-7.593167538288981e-05,0.3130125403404236,0.5042557120323181,-0.05286531150341034,0.3025989234447479,0.609805166721344,-0.061066098511219025,0.2903568148612976,0.6965636014938354,-0.048028357326984406,0.2261209785938263,0.5839525461196899,-0.01230802945792675,0.25796520709991455,0.5374279022216797,-0.06899719685316086,0.2569950520992279,0.6471099853515625,-0.06148095056414604,0.25128602981567383,0.7257175445556641,-0.03582700341939926,0.1695568561553955,0.6035504937171936,-0.025850195437669754,0.20452037453651428,0.539734423160553,-0.06244264915585518,0.22227820754051208,0.6096634864807129,-0.05234022065997124,0.2287730574607849,0.6716224551200867,-0.03167260065674782
A,0.22990557551383972,0.8191667795181274,-6.040877451596316e-07,0.32293349504470825,0.7556093335151672,-0.0213698148727417,0.38365375995635986,0.6417269706726074,-0.025813598185777664,0.40872013568878174,0.5317285060882568,-0.031741127371788025,0.40347519516944885,0.44192928075790405,-0.032156892120838165,0.33990049362182617,0.5470774173736572,-0.006725015118718147,0.35674694180488586,0.4716984033584595,-0.04497704282402992,0.3489449620246887,0.5747429132461548,-0.059451788663864136,0.3355800211429596,0.6332684755325317,-0.0599282942712307,0.28209179639816284,0.5354740619659424,-0.008898907341063023,0.30005234479904175,0.4726709723472595,-0.047046221792697906,0.298368364572525,0.5930984616279602,-0.04925740882754326,0.2856575846672058,0.6450314521789551,-0.04028712958097458,0.2228645533323288,0.5361067652702332,-0.017361018806695938,0.2383568286895752,0.4590737819671631,-0.059841547161340714,0.24920853972434998,0.5851202011108398,-0.04160831496119499,0.2440262734889984,0.6486020088195801,-0.016159813851118088,0.16058848798274994,0.5517564415931702,-0.027259234338998795,0.17411477863788605,0.4684835374355316,-0.05686959996819496,0.19860655069351196,0.5524099469184875,-0.04060725122690201,0.20934490859508514,0.6121388673782349,-0.01810004934668541
A,0.25537776947021484,0.8081991672515869,-6.273626240727026e-07,0.3505558371543884,0.7531936168670654,-0.020548373460769653,0.4096754193305969,0.6381767988204956,-0.023390885442495346,0.4279558062553406,0.524884045124054,-0.027116436511278152,0.42404213547706604,0.4368038773536682,-0.02579040825366974,0.36705636978149414,0.5459503531455994,-0.008936895988881588,0.38560181856155396,0.474666029214859,-0.04483642429113388,0.37682291865348816,0.575998067855835,-0.056870754808187485,0.3614826202392578,0.6387196183204651,-0.055801548063755035,0.31066107749938965,0.5330213904380798,-0.010060243308544159,0.331172376871109,0.47360724210739136,-0.045644987374544144,0.32755160331726074,0.5915807485580444,-0.046537742018699646,0.3125241696834564,0.6459706425666809,-0.03728486970067024,0.2537648677825928,0.5322345495223999,-0.016922766342759132,0.2721921503543854,0.45687147974967957,-0.0570397712290287,0.28023988008499146,0.5806148648262024,-0.03905176371335983,0.2726481556892395,0.6454229950904846,-0.01459694467484951,0.1925668865442276,0.5471617579460144,-0.02500513382256031,0.21030420064926147,0.4661410450935364,-0.05439554899930954,0.23258662223815918,0.5502722859382629,-0.039466492831707,0.24082398414611816,0.6102567315101624,-0.01838572323322296
A,0.2460726648569107,0.8058685064315796,-6.381035859703843e-07,0.33827316761016846,0.7519101500511169,-0.015073011629283428,0.40390458703041077,0.649483859539032,-0.018564516678452492,0.43406224250793457,0.5463775992393494,-0.024155694991350174,0.41297274827957153,0.4759928286075592,-0.025104422122240067,0.3613981008529663,0.5430710315704346,-0.010690518654882908,0.3809865415096283,0.4617164433002472,-0.043713197112083435,0.373392790555954,0.5616216659545898,-0.055889058858156204,0.3579763174057007,0.6240221858024597,-0.05589073896408081,0.30518361926078796,0.5305812954902649,-0.015299094840884209,0.3246850073337555,0.4652363657951355,-0.04881581664085388,0.32179853320121765,0.5820633172988892,-0.051307037472724915,0.3055950701236725,0.6359040141105652,-0.04413615167140961,0.247923344373703,0.5300206542015076,-0.0240634735673666,0.2666102647781372,0.45026060938835144,-0.0592510886490345,0.2766638994216919,0.570426881313324,-0.0422862283885479,0.2683161497116089,0.6353515982627869,-0.02031766250729561,0.18636305630207062,0.5452451705932617,-0.03383637219667435,0.20564702153205872,0.4607388973236084,-0.05913930386304855,0.23079150915145874,0.539463222026825,-0.04350624233484268,0.2398153692483902,0.6008394360542297,-0.02309839054942131
A,0.2419033944606781,0.7993124723434448,-6.462652777372568e-07,0.34095498919487,0.7373794913291931,-0.014158464036881924,0.3940047025680542,0.6177192330360413,-0.01346759032458067,0.3980445861816406,0.5026863813400269,-0.015150397084653378,0.40373292565345764,0.42044317722320557,-0.012051173485815525,0.3543488383293152,0.5378729104995728,-0.0031449587550014257,0.364271879196167,0.4545845091342926,-0.037052568048238754,0.3571406602859497,0.5511227250099182,-0.04775625094771385,0.345059871673584,0.616478681564331,-0.04580617696046829,0.29664286971092224,0.527411699295044,-0.006416947580873966,0.3106071650981903,0.4566136300563812,-0.0408477820456028,0.31027859449386597,0.5708097219467163,-0.041323572397232056,0.29974865913391113,0.6283172965049744,-0.03186509758234024,0.24014972150325775,0.5263322591781616,-0.01498708687722683,0.25250712037086487,0.44217944145202637,-0.05224558338522911,0.26231199502944946,0.5601701140403748,-0.03465703874826431,0.2574838399887085,0.6255092024803162,-0.0111004076898098,0.17933622002601624,0.5402423143386841,-0.02445584163069725,0.19508373737335205,0.45162516832351685,-0.05036001652479172,0.21751144528388977,0.5318717956542969,-0.0354883149266243,0.22577303647994995,0.5921711921691895,-0.015432264655828476
A,0.23979826271533966,0.7976149320602417,-6.136613706075877e-07,0.3363364040851593,0.728299617767334,-0.010680275037884712,0.3904103636741638,0.6165423393249512,-0.009155402891337872,0.4075740575790405,0.5109090805053711,-0.011137733235955238,0.39471837878227234,0.43416398763656616,-0.008756238035857677,0.3493562340736389,0.5304489135742188,0.0004978987853974104,0.36521774530410767,0.4428461790084839,-0.030508099123835564,0.36193493008613586,0.5373325943946838,-0.04103865474462509,0.3495766818523407,0.604488730430603,-0.03944365307688713,0.2969517707824707,0.5196039080619812,-0.005099307745695114,0.3133697807788849,0.44839298725128174,-0.03826749324798584,0.3141798973083496,0.5613098740577698,-0.04130731523036957,0.3020690083503723,0.6206580400466919,-0.03371793404221535,0.24226567149162292,0.5204436779022217,-0.01519010029733181,0.257284015417099,0.43672510981559753,-0.04993909224867821,0.26882266998291016,0.5512816905975342,-0.034129973500967026,0.2627384066581726,0.6181817650794983,-0.012296945787966251,0.18214523792266846,0.5372942686080933,-0.025995392352342606,0.20262286067008972,0.4480605721473694,-0.05086816847324371,0.22650423645973206,0.5242851972579956,-0.03548707440495491,0.23315107822418213,0.5858726501464844,-0.015095522627234459
A,0.2447374165058136,0.8026552796363831,-6.232734790501127e-07,0.33824729919433594,0.7369060516357422,-0.01418712455779314,0.3925614655017853,0.6222355365753174,-0.014339960180222988,0.4050483703613281,0.5139850378036499,-0.017491959035396576,0.39256012439727783,0.43382763862609863,-0.015988189727067947,0.3533039391040802,0.5353902578353882,-0.0022455824073404074,0.3678974509239197,0.44897133111953735,-0.03550118952989578,0.36472734808921814,0.5450143218040466,-0.04656323045492172,0.3526992201805115,0.6116122007369995,-0.04497998580336571,0.299560546875,0.5254828333854675,-0.006803048308938742,0.31605592370033264,0.45514601469039917,-0.04175131767988205,0.31691864132881165,0.5700211524963379,-0.04398413002490997,0.30514389276504517,0.6289252042770386,-0.03552313148975372,0.24432240426540375,0.526064932346344,-0.01649138145148754,0.259151428937912,0.4429844617843628,-0.053975898772478104,0.27050668001174927,0.559986412525177,-0.03733701631426811,0.2648337185382843,0.6269118785858154,-0.01425973977893591,0.1835901141166687,0.5417782068252563,-0.027194051072001457,0.20453637838363647,0.45380330085754395,-0.05389043688774109,0.227567657828331,0.5319507718086243,-0.038532182574272156,0.2335481494665146,0.5933213829994202,-0.01780814491212368
A,0.24252517521381378,0.8025261163711548,-6.220761292752286e-07,0.3365784287452698,0.7391977310180664,-0.014446161687374115,0.39084744453430176,0.6216414570808411,-0.014277307316660881,0.40329745411872864,0.5111624598503113,-0.0167385246604681,0.39151811599731445,0.4301009178161621,-0.014683159999549389,0.3508070707321167,0.5375558733940125,-0.0031949435360729694,0.3642652928829193,0.45190680027008057,-0.03575518727302551,0.3607955276966095,0.5488091707229614,-0.04668191447854042,0.34888193011283875,0.6147181391716003,-0.04521239921450615,0.2960648536682129,0.5272808074951172,-0.007003285456448793,0.31157562136650085,0.4572109580039978,-0.040507856756448746,0.3124847114086151,0.5718938708305359,-0.04224124178290367,0.30064570903778076,0.6291507482528687,-0.03393319249153137,0.24032698571681976,0.5278229117393494,-0.015844514593482018,0.255057692527771,0.44515860080718994,-0.05209914222359657,0.2662537395954132,0.5619780421257019,-0.035147178918123245,0.26054471731185913,0.6271030902862549,-0.012361048720777035,0.17984020709991455,0.5436700582504272,-0.02568507194519043,0.19900000095367432,0.45570480823516846,-0.05131197348237038,0.2222340703010559,0.5338621139526367,-0.035762909799814224,0.22930939495563507,0.5947585105895996,-0.01530966255813837
A,0.24289165437221527,0.8006669282913208,-6.56421661915374e-07,0.33702629804611206,0.7425925731658936,-0.016330525279045105,0.3940372169017792,0.6239765286445618,-0.016414478421211243,0.40332499146461487,0.5090835094451904,-0.01842365600168705,0.3943031430244446,0.4260866641998291,-0.015471583232283592,0.3531648814678192,0.5389351844787598,-0.006719659548252821,0.3673214316368103,0.4514625072479248,-0.039156123995780945,0.3631611466407776,0.5498655438423157,-0.04791707172989845,0.3509896397590637,0.6141683459281921,-0.04504082351922989,0.29748958349227905,0.5293630361557007,-0.009761540219187737,0.3140275776386261,0.45834866166114807,-0.04350237920880318,0.3150757849216461,0.5746257305145264,-0.04353931173682213,0.3030589520931244,0.6299365758895874,-0.034147150814533234,0.2418624460697174,0.5298430919647217,-0.017939753830432892,0.25674673914909363,0.44497740268707275,-0.055220626294612885,0.26844853162765503,0.5641173720359802,-0.037248801440000534,0.2626166045665741,0.6290493011474609,-0.013803130015730858,0.1810416430234909,0.5450200438499451,-0.027181927114725113,0.20062319934368134,0.4562649428844452,-0.05425247550010681,0.22458066046237946,0.5362597703933716,-0.039175622165203094,0.23172472417354584,0.5973780155181885,-0.018976647406816483
D,0.2137632519006729,0.8543885350227356,3.329434434817813e-07,0.3119930624961853,0.7992973327636719,0.009474404156208038,0.3786808252334595,0.7310125827789307,-0.004567010793834925,0.42928773164749146,0.6864717602729797,-0.028077784925699234,0.43606331944465637,0.6279668211936951,-0.05294236168265343,0.3027622699737549,0.5562967658042908,-0.014841683208942413,0.33317455649375916,0.4292443096637726,-0.03788726404309273,0.35157954692840576,0.3538552522659302,-0.05428855121135712,0.36083531379699707,0.2880716919898987,-0.06953921169042587,0.2675914764404297,0.5601643919944763,-0.04560135304927826,0.3470958173274994,0.45152416825294495,-0.08907581865787506,0.4048479497432709,0.4967114329338074,-0.1114356592297554,0.4275963306427002,0.5484166145324707,-0.12146195769309998,0.2452268898487091,0.5885282158851624,-0.07491473853588104,0.33121392130851746,0.49353843927383423,-0.11397672444581985,0.39692527055740356,0.5343337059020996,-0.12092295289039612,0.4298730194568634,0.5812155604362488,-0.1202794760465622,0.23613518476486206,0.638356626033783,-0.10354221612215042,0.3100927472114563,0.5691973567008972,-0.13337081670761108,0.3713100850582123,0.5607324242591858,-0.14064230024814606,0.41436073184013367,0.5628733038902283,-0.1432551145553589
D,0.17834219336509705,0.8662745356559753,2.2596643134420447e-07,0.28526538610458374,0.7977979779243469,0.009388219565153122,0.35245028138160706,0.7339447736740112,-0.009908824227750301,0.40268418192863464,0.699383020401001,-0.03940954804420471,0.4156946539878845,0.6472390294075012,-0.06993105262517929,0.2673896849155426,0.5420417189598083,-0.02854137308895588,0.29804104566574097,0.4072369337081909,-0.05925030633807182,0.3132549524307251,0.3244057893753052,-0.08118409663438797,0.32079920172691345,0.24990081787109375,-0.10049273818731308,0.23010343313217163,0.5518770217895508,-0.06291423738002777,0.3366023600101471,0.4746435582637787,-0.11517056822776794,0.3922714293003082,0.5427661538124084,-0.13833646476268768,0.4084380865097046,0.6013373732566833,-0.14902642369270325,0.20808717608451843,0.5914098620414734,-0.09537559002637863,0.3111933767795563,0.5155106782913208,-0.13821546733379364,0.37476667761802673,0.5696304440498352,-0.13949108123779297,0.4037550091743469,0.6223452091217041,-0.13567638397216797,0.2017703354358673,0.6520611643791199,-0.1278928816318512,0.2788242697715759,0.5886710286140442,-0.15932048857212067,0.3410167098045349,0.5794482231140137,-0.16354839503765106,0.38761448860168457,0.5802034139633179,-0.16422982513904572
D,0.1821478009223938,0.8733861446380615,2.022863441197842e-07,0.28964805603027344,0.8055120706558228,0.011751684360206127,0.3577449321746826,0.740311324596405,-0.006062204949557781,0.4102657437324524,0.7041537165641785,-0.03456366807222366,0.424810528755188,0.6598165035247803,-0.06411974132061005,0.2730339765548706,0.549072802066803,-0.024819940328598022,0.303203821182251,0.4149068593978882,-0.05488608777523041,0.3188982307910919,0.33334121108055115,-0.07575960457324982,0.32756978273391724,0.2603533864021301,-0.09436649084091187,0.23664212226867676,0.5587798953056335,-0.06034452095627785,0.3459259569644928,0.4820086359977722,-0.11375708878040314,0.4004562199115753,0.5556521415710449,-0.13592875003814697,0.41567370295524597,0.6186673045158386,-0.1449638307094574,0.21474319696426392,0.5978155136108398,-0.0940253958106041,0.3215077817440033,0.5275444984436035,-0.13790960609912872,0.38324928283691406,0.5851588845252991,-0.13870705664157867,0.41066616773605347,0.639549732208252,-0.13381516933441162,0.20785894989967346,0.6577573418617249,-0.1276574432849884,0.28518247604370117,0.5975132584571838,-0.15990525484085083,0.347404420375824,0.5908360481262207,-0.16459275782108307,0.3943275809288025,0.5937867760658264,-0.16527050733566284
D,0.21797031164169312,0.8689900636672974,3.045954031222209e-07,0.3076503872871399,0.7887373566627502,0.000512454891577363,0.3721059560775757,0.7165575623512268,-0.02201143465936184,0.42192766070365906,0.6748542785644531,-0.0531531423330307,0.4504687786102295,0.6230047345161438,-0.08478013426065445,0.2766439616680145,0.5409978628158569,-0.02892688661813736,0.29627081751823425,0.40858352184295654,-0.05961573123931885,0.30731335282325745,0.32951366901397705,-0.07991521060466766,0.3120962679386139,0.2558927536010742,-0.0970357358455658,0.23896825313568115,0.5494182109832764,-0.05676508694887161,0.33737072348594666,0.4677746295928955,-0.10733283311128616,0.40219032764434814,0.5310524106025696,-0.12751977145671844,0.4272926449775696,0.5899370312690735,-0.1348903775215149,0.21845784783363342,0.5841907858848572,-0.08378753811120987,0.3151399493217468,0.51059490442276,-0.12590326368808746,0.384103000164032,0.5590206384658813,-0.1257455199956894,0.41864222288131714,0.6091059446334839,-0.11919916421175003,0.21350237727165222,0.6385661959648132,-0.11150705814361572,0.28630951046943665,0.5731062293052673,-0.14137409627437592,0.3504011332988739,0.5735000967979431,-0.1423947662115097,0.39693915843963623,0.5860962867736816,-0.13873998820781708
D,0.2152407467365265,0.8820075988769531,2.731878794293152e-07,0.30655768513679504,0.8018738031387329,0.0023937092628329992,0.3712003529071808,0.7285846471786499,-0.019024109467864037,0.4216005802154541,0.6864631175994873,-0.04955579340457916,0.44844022393226624,0.6381816864013672,-0.08083368837833405,0.27712756395339966,0.5525569319725037,-0.028131024911999702,0.2964642345905304,0.4200957417488098,-0.058945998549461365,0.3074767291545868,0.3415221571922302,-0.0791633203625679,0.3120151162147522,0.2677770256996155,-0.09638253599405289,0.23852980136871338,0.5621380805969238,-0.0571524053812027,0.33612799644470215,0.48090600967407227,-0.10854054242372513,0.4011799395084381,0.5483686923980713,-0.12854862213134766,0.4248688817024231,0.6089469194412231,-0.13571251928806305,0.21703605353832245,0.5985248684883118,-0.08523145318031311,0.3130732476711273,0.5224810838699341,-0.12879614531993866,0.3822627067565918,0.5752363801002502,-0.12830595672130585,0.4155147075653076,0.6281793713569641,-0.12123733758926392,0.21085438132286072,0.6546607613563538,-0.11377333849668503,0.2854672074317932,0.5887302160263062,-0.14524678885936737,0.3496764898300171,0.5908063054084778,-0.1468210369348526,0.3947162628173828,0.603754460811615,-0.143501877784729
D,0.21443220973014832,0.8826783895492554,2.7119969558953017e-07,0.3077814280986786,0.8043463826179504,0.0017846353584900498,0.37341922521591187,0.7305024862289429,-0.01951255090534687,0.42443129420280457,0.6878698468208313,-0.04965312033891678,0.4489797353744507,0.6434432864189148,-0.08045557886362076,0.279971182346344,0.5532054305076599,-0.028775352984666824,0.29892078042030334,0.4200841188430786,-0.05964072793722153,0.3104439675807953,0.34107375144958496,-0.07993114739656448,0.3154318034648895,0.26760077476501465,-0.09716561436653137,0.24115696549415588,0.5634747743606567,-0.057410839945077896,0.3395456373691559,0.48241913318634033,-0.10904946178197861,0.4044351577758789,0.551344096660614,-0.1290598213672638,0.4275135099887848,0.612550675868988,-0.13604643940925598,0.2194352000951767,0.6003735065460205,-0.08508733659982681,0.31645452976226807,0.5245542526245117,-0.12893255054950714,0.3848315477371216,0.5789536833763123,-0.1284058392047882,0.4169931411743164,0.6325634121894836,-0.12109076231718063,0.21313083171844482,0.6566610932350159,-0.11328322440385818,0.2884838879108429,0.5914338231086731,-0.1447700411081314,0.3529602289199829,0.59336918592453,-0.1463150680065155,0.39829882979393005,0.605790376663208,-0.14292868971824646
D,0.21310119330883026,0.8811944127082825,2.9839304716006154e-07,0.30620861053466797,0.8039394021034241,0.0007008910761214793,0.3710923194885254,0.7298176884651184,-0.02088320255279541,0.4225104749202728,0.6875879168510437,-0.05105776712298393,0.45310503244400024,0.6439961791038513,-0.08189783245325089,0.278545618057251,0.5542393922805786,-0.03080839104950428,0.2990206480026245,0.42224711179733276,-0.06228071451187134,0.31073394417762756,0.3436550498008728,-0.0822870135307312,0.3169688880443573,0.26985490322113037,-0.09918966889381409,0.2392997145652771,0.5631541013717651,-0.05851069092750549,0.33893585205078125,0.48499247431755066,-0.11086947470903397,0.40380311012268066,0.552898645401001,-0.13039688766002655,0.42898935079574585,0.6131473779678345,-0.13680338859558105,0.21730093657970428,0.599312961101532,-0.0853201225399971,0.31542322039604187,0.5275164842605591,-0.12967562675476074,0.3839595317840576,0.5807788372039795,-0.12932656705379486,0.4181879758834839,0.6329657435417175,-0.12199223041534424,0.21076025068759918,0.6545945405960083,-0.11273091286420822,0.28657078742980957,0.592467725276947,-0.14457999169826508,0.3507048487663269,0.5953229069709778,-0.14649558067321777,0.39679646492004395,0.6078503131866455,-0.1432444155216217
D,0.19768892228603363,0.84383225440979,2.832742609371053e-07,0.28590551018714905,0.7612801194190979,0.0009469598298892379,0.3418716490268707,0.6831872463226318,-0.0205967016518116,0.3887871503829956,0.6366591453552246,-0.05136556550860405,0.43130746483802795,0.5910648107528687,-0.08339639753103256,0.253378689289093,0.5168825387954712,-0.02731524035334587,0.270831823348999,0.39159178733825684,-0.05681263655424118,0.2799030840396881,0.3136756718158722,-0.07706299424171448,0.2810232639312744,0.2387566864490509,-0.09490881860256195,0.21567794680595398,0.5273134708404541,-0.05438508093357086,0.30286532640457153,0.45129576325416565,-0.101944699883461,0.3721776604652405,0.5090051293373108,-0.12312319874763489,0.4017525315284729,0.5632768273353577,-0.13268455862998962,0.19476960599422455,0.5634506940841675,-0.08038889616727829,0.2793339192867279,0.4920893907546997,-0.12038885802030563,0.34913453459739685,0.539517879486084,-0.12149331718683243,0.3843313455581665,0.5894621014595032,-0.11673074960708618,0.18795934319496155,0.6185769438743591,-0.10702674090862274,0.25457414984703064,0.5539920330047607,-0.1356687843799591,0.31665492057800293,0.5615671277046204,-0.13669362664222717,0.3598155975341797,0.582952618598938,-0.13355766236782074
D,0.19720697402954102,0.8658429384231567,2.641273226799967e-07,0.28166627883911133,0.7873149514198303,0.002285820199176669,0.33547043800354004,0.7128559947013855,-0.01712496392428875,0.3755192756652832,0.6668393611907959,-0.04597686976194382,0.39699020981788635,0.6170966625213623,-0.07571553438901901,0.25160667300224304,0.5412803888320923,-0.02042538672685623,0.2639281451702118,0.4138607978820801,-0.047408852726221085,0.2774188816547394,0.3377962112426758,-0.06677860021591187,0.2803516685962677,0.26493412256240845,-0.08384878933429718,0.21430227160453796,0.5512642860412598,-0.047794148325920105,0.28434404730796814,0.4586118459701538,-0.09227672964334488,0.3508913516998291,0.5205520987510681,-0.11215561628341675,0.37168437242507935,0.579379141330719,-0.12062037736177444,0.1916320025920868,0.5858291983604431,-0.07434827834367752,0.2613718807697296,0.5004979968070984,-0.11263307183980942,0.3302444517612457,0.555924117565155,-0.11212911456823349,0.3573814630508423,0.612342119216919,-0.10577618330717087,0.18171873688697815,0.6403031945228577,-0.10137200355529785,0.2410830408334732,0.5677984356880188,-0.1291925311088562,0.30294597148895264,0.5761510729789734,-0.12955103814601898,0.34114742279052734,0.5985153317451477,-0.1257973164319992
D,0.19396056234836578,0.8682447671890259,2.9102139365022595e-07,0.2756204903125763,0.7960227727890015,-0.002186767989769578,0.3315596580505371,0.7253959774971008,-0.02290986478328705,0.370930552482605,0.6818515062332153,-0.052532345056533813,0.3816757798194885,0.6364048719406128,-0.08337527513504028,0.254261314868927,0.5500866770744324,-0.021836470812559128,0.2615155279636383,0.4214476943016052,-0.052403733134269714,0.27237269282341003,0.3449169397354126,-0.07506265491247177,0.2741614282131195,0.27095115184783936,-0.09432180970907211,0.2183431088924408,0.5606675744056702,-0.048528965562582016,0.277426153421402,0.46223893761634827,-0.10049569606781006,0.3442486822605133,0.523613452911377,-0.12687768042087555,0.3694200813770294,0.5829649567604065,-0.1382697969675064,0.19343212246894836,0.5937936305999756,-0.07493862509727478,0.25049787759780884,0.5042983293533325,-0.11880187690258026,0.3205485939979553,0.5556232333183289,-0.12497808784246445,0.35427987575531006,0.6115785241127014,-0.12190104275941849,0.1781477928161621,0.6478354930877686,-0.10207049548625946,0.22803014516830444,0.5772240161895752,-0.1336604654788971,0.2883182466030121,0.5789620280265808,-0.13958503305912018,0.3301607370376587,0.5943862199783325,-0.13978314399719238
D,0.18865996599197388,0.8727178573608398,2.500937625882216e-07,0.2738912105560303,0.7957648634910583,-0.00033548797364346683,0.3323894739151001,0.7266517877578735,-0.02009928785264492,0.37452128529548645,0.6863159537315369,-0.04898916557431221,0.38899263739585876,0.6428279280662537,-0.07872770726680756,0.24891230463981628,0.5501036047935486,-0.020606735721230507,0.26033490896224976,0.4224504828453064,-0.04910370707511902,0.26920661330223083,0.34543609619140625,-0.06968893855810165,0.27022305130958557,0.2701311409473419,-0.08736951649188995,0.21152815222740173,0.5585149526596069,-0.04671187698841095,0.28365105390548706,0.4735385775566101,-0.0926341861486435,0.3473532497882843,0.5396131873130798,-0.11353987455368042,0.3692137598991394,0.600834846496582,-0.1221734955906868,0.18809671700000763,0.5923295021057129,-0.0724179819226265,0.26125991344451904,0.5140538811683655,-0.11097683012485504,0.32551324367523193,0.5714579224586487,-0.11110372096300125,0.35227054357528687,0.6296274662017822,-0.1047215387225151,0.17725124955177307,0.646600067615509,-0.0991300493478775,0.23815064132213593,0.5792396664619446,-0.12663324177265167,0.2974885404109955,0.5892805457115173,-0.12736287713050842,0.3357548713684082,0.6129652857780457,-0.1236138865351677
D,0.1893848478794098,0.870309591293335,2.3099735813048028e-07,0.2751796543598175,0.7941030859947205,0.0013407854130491614,0.33278095722198486,0.7243096828460693,-0.018121197819709778,0.3737623393535614,0.6832849383354187,-0.04710601642727852,0.3873266577720642,0.6427790522575378,-0.07719001919031143,0.24912898242473602,0.5483142137527466,-0.02080017514526844,0.2603641450405121,0.4190090298652649,-0.0488734245300293,0.26954957842826843,0.34211209416389465,-0.06888625770807266,0.27047500014305115,0.26698753237724304,-0.08631742745637894,0.21206238865852356,0.5576971173286438,-0.048012539744377136,0.2855631113052368,0.4708234667778015,-0.09386097639799118,0.3490552306175232,0.5378677845001221,-0.1142590120434761,0.36954912543296814,0.5996708273887634,-0.12274737656116486,0.18864667415618896,0.5919848680496216,-0.07458499073982239,0.2623704969882965,0.510810911655426,-0.1128176599740982,0.3267374634742737,0.56842041015625,-0.11239001154899597,0.35287824273109436,0.6272016167640686,-0.1059621125459671,0.17756745219230652,0.6461699604988098,-0.10202650725841522,0.23724187910556793,0.5750508308410645,-0.12936383485794067,0.296770840883255,0.5845478177070618,-0.12980277836322784,0.33532994985580444,0.6089708209037781,-0.12613999843597412
D,0.1891009509563446,0.8704648017883301,2.3183227426670783e-07,0.27436956763267517,0.7927092909812927,0.0021600231993943453,0.33078208565711975,0.7220624089241028,-0.01699557900428772,0.37141528725624084,0.6806397438049316,-0.045856546610593796,0.38639509677886963,0.6390677690505981,-0.07596728205680847,0.24737662076950073,0.5500694513320923,-0.02093694917857647,0.2577162981033325,0.4199724793434143,-0.04929233714938164,0.2662624716758728,0.3433185815811157,-0.06918296217918396,0.2662412226200104,0.2682569921016693,-0.08650120347738266,0.21008539199829102,0.5598779320716858,-0.0487186573445797,0.28143295645713806,0.4688316285610199,-0.09484658390283585,0.34572744369506836,0.5352998375892639,-0.11507076770067215,0.36662420630455017,0.5964624881744385,-0.12339618802070618,0.18687990307807922,0.5945507287979126,-0.07581394910812378,0.2584562301635742,0.509139895439148,-0.11499039083719254,0.3239062428474426,0.5665290951728821,-0.11462396383285522,0.35068511962890625,0.625255286693573,-0.10804089903831482,0.17611603438854218,0.6492193341255188,-0.10355382412672043,0.23470060527324677,0.5755739808082581,-0.13185235857963562,0.2949213981628418,0.5842164754867554,-0.13239333033561707,0.33367592096328735,0.6078018546104431,-0.1287202090024948
D,0.1926821768283844,0.8718953132629395,2.447334281896474e-07,0.2772390842437744,0.7950485944747925,-0.0003617636684793979,0.33464160561561584,0.7258996367454529,-0.020339179784059525,0.3758121132850647,0.6857990026473999,-0.04932687431573868,0.3888873755931854,0.6431139707565308,-0.07923568040132523,0.2522358298301697,0.5508044958114624,-0.02210632897913456,0.26086515188217163,0.4231645464897156,-0.050496943295001984,0.26872920989990234,0.34738871455192566,-0.07056612521409988,0.2690596878528595,0.2735390067100525,-0.08785007894039154,0.21474507451057434,0.5604627728462219,-0.048269931226968765,0.28436070680618286,0.4733239412307739,-0.0946037694811821,0.34762683510780334,0.5381594300270081,-0.11544100940227509,0.3692103922367096,0.5989842414855957,-0.12407948076725006,0.1907162070274353,0.5948460102081299,-0.0739559531211853,0.2609289884567261,0.5142286419868469,-0.1127500832080841,0.32607752084732056,0.5696272850036621,-0.1133447214961052,0.3542523980140686,0.6272115111351013,-0.10749650746583939,0.1789638251066208,0.6492862701416016,-0.10054948925971985,0.2373206913471222,0.579883337020874,-0.12812118232250214,0.29629960656166077,0.588771402835846,-0.12925393879413605,0.33494260907173157,0.6119477152824402,-0.1261240839958191
D,0.2000626027584076,0.9226994514465332,2.7698152393895725e-07,0.2780953049659729,0.8274540901184082,0.0012843788135796785,0.3267659544944763,0.739953875541687,-0.01875714398920536,0.36436498165130615,0.6857863664627075,-0.048118557780981064,0.3780208230018616,0.638420045375824,-0.07842466980218887,0.22296994924545288,0.5795455574989319,-0.023769544437527657,0.2228626310825348,0.44617289304733276,-0.05385129153728485,0.22594861686229706,0.3647526800632477,-0.07526954263448715,0.21968160569667816,0.28803902864456177,-0.0938895046710968,0.186238095164299,0.5979202389717102,-0.05207052454352379,0.24693039059638977,0.48948508501052856,-0.10218974947929382,0.322409451007843,0.5391871333122253,-0.12521210312843323,0.35421091318130493,0.5949836373329163,-0.13492247462272644,0.16671201586723328,0.6372346878051758,-0.07955584675073624,0.2270326167345047,0.5353075265884399,-0.12167337536811829,0.30496054887771606,0.5739213228225708,-0.12421725690364838,0.3443117141723633,0.6244016289710999,-0.1193772479891777,0.1625431329011917,0.69453364610672,-0.10759750753641129,0.21658550202846527,0.6093807220458984,-0.13777948915958405,0.27980509400367737,0.6053686738014221,-0.14061763882637024,0.3225817084312439,0.6193361282348633,-0.13865914940834045
D,0.19882476329803467,0.9185130000114441,2.624225032832328e-07,0.27705445885658264,0.8260597586631775,0.0004924986278638244,0.3248095214366913,0.7379317283630371,-0.01922094263136387,0.36194950342178345,0.6834571361541748,-0.048194997012615204,0.37764352560043335,0.6381486058235168,-0.07824529707431793,0.22565102577209473,0.5751744508743286,-0.022763842716813087,0.22542601823806763,0.4433576464653015,-0.05252339690923691,0.22926786541938782,0.3629305958747864,-0.07377970963716507,0.22363901138305664,0.28606411814689636,-0.0924672782421112,0.18877875804901123,0.593275249004364,-0.050424717366695404,0.24605193734169006,0.487050861120224,-0.10091279447078705,0.3210401237010956,0.5380340814590454,-0.12414092570543289,0.35278502106666565,0.5934438705444336,-0.1338033527135849,0.16825318336486816,0.6324639320373535,-0.07742976397275925,0.22548845410346985,0.5323513746261597,-0.12023225426673889,0.3035793602466583,0.5718405246734619,-0.12329992651939392,0.3430389165878296,0.6223585605621338,-0.11849546432495117,0.16194304823875427,0.689261794090271,-0.10502560436725616,0.21501106023788452,0.6071564555168152,-0.1358778178691864,0.2780832350254059,0.6033694744110107,-0.1396481841802597,0.3205324411392212,0.6161282062530518,-0.1382640153169632
P,0.08018319308757782,0.3455654978752136,1.1829785080408328e-06,0.17826445400714874,0.297849178314209,0.002465140772983432,0.2781852185726166,0.3264904022216797,-0.02511194534599781,0.333238810300827,0.4127535820007324,-0.054517488926649094,0.3654900789260864,0.4882327914237976,-0.08355848491191864,0.33264437317848206,0.2858380079269409,-0.08569478243589401,0.44301801919937134,0.3675385117530823,-0.1298494040966034,0.504492461681366,0.4228866696357727,-0.16139324009418488,0.5538146495819092,0.4691608250141144,-0.1837412267923355,0.2804076075553894,0.31500107049942017,-0.10756029188632965,0.38368678092956543,0.45494887232780457,-0.14841583371162415,0.43408650159835815,0.5457393527030945,-0.16223058104515076,0.4710301160812378,0.6143099665641785,-0.17646262049674988,0.2266697883605957,0.3708983063697815,-0.12373858690261841,0.326509565114975,0.522318422794342,-0.14367558062076569,0.3117000162601471,0.5251591801643372,-0.11821894347667694,0.282439649105072,0.49317044019699097,-0.10360021144151688,0.1805674284696579,0.4317253828048706,-0.14193487167358398,0.2708335518836975,0.5578294992446899,-0.15240712463855743,0.2945321798324585,0.5850801467895508,-0.13241012394428253,0.305385559797287,0.5781627297401428,-0.11748944222927094
P,0.08904631435871124,0.3568931221961975,1.190008333651349e-06,0.1917342245578766,0.3117423951625824,0.003542486345395446,0.29293668270111084,0.3453158140182495,-0.023080429062247276,0.34759795665740967,0.43566957116127014,-0.051667895168066025,0.3782914876937866,0.5140233635902405,-0.07950029522180557,0.3444439768791199,0.30373650789260864,-0.08258810639381409,0.4524909555912018,0.38752901554107666,-0.12621214985847473,0.5111715793609619,0.4439699351787567,-0.15766476094722748,0.5580430626869202,0.4910835921764374,-0.18018828332424164,0.2908810079097748,0.3348643481731415,-0.10499075800180435,0.39510011672973633,0.4762552082538605,-0.14408808946609497,0.4471069276332855,0.5695704817771912,-0.15837140381336212,0.484941303730011,0.6412273645401001,-0.1736544519662857,0.23563484847545624,0.39088642597198486,-0.12194840610027313,0.3393361270427704,0.5400700569152832,-0.1410442292690277,0.32676035165786743,0.5441855192184448,-0.11770608276128769,0.297956645488739,0.51460200548172,-0.10489103198051453,0.18900036811828613,0.4518165588378906,-0.14077867567539215,0.2799263000488281,0.5763629674911499,-0.15136247873306274,0.30512186884880066,0.601095974445343,-0.13338015973567963,0.3170829117298126,0.5920125842094421,-0.12025202810764313
P,0.10898834466934204,0.36198690533638,1.0063340596389025e-06,0.2143949419260025,0.33901941776275635,0.004787855315953493,0.30984029173851013,0.39193421602249146,-0.023149624466896057,0.35667145252227783,0.505310595035553,-0.053170494735240936,0.3771270215511322,0.6006434559822083,-0.08315006643533707,0.35452255606651306,0.3119833469390869,-0.0838850885629654,0.45830321311950684,0.4109448790550232,-0.12447183579206467,0.5125836730003357,0.4730970859527588,-0.14892812073230743,0.5525404810905457,0.5252311825752258,-0.1649257391691208,0.30207446217536926,0.33952197432518005,-0.10880527645349503,0.4114518463611603,0.45456987619400024,-0.14700497686862946,0.4500921964645386,0.5421042442321777,-0.15573431551456451,0.4697023630142212,0.6092641353607178,-0.16374240815639496,0.2485744059085846,0.3930608928203583,-0.12809783220291138,0.3531557023525238,0.5371690392494202,-0.14865222573280334,0.3563762903213501,0.5784241557121277,-0.12873020768165588,0.3411996066570282,0.5833582878112793,-0.11573243886232376,0.20046290755271912,0.4556882381439209,-0.14804168045520782,0.2894093692302704,0.5722988843917847,-0.14949896931648254,0.30267179012298584,0.5919473767280579,-0.12633542716503143,0.30112674832344055,0.5826431512832642,-0.11048056930303574
P,0.057876914739608765,0.3121455907821655,1.1503750556585146e-06,0.15611934661865234,0.29831796884536743,-0.004382404964417219,0.24227839708328247,0.3818361759185791,-0.03581542149186134,0.27059701085090637,0.5076165199279785,-0.06699111312627792,0.2739119529724121,0.5790676474571228,-0.09656413644552231,0.28729456663131714,0.3062276244163513,-0.09139633923768997,0.3822140693664551,0.403017520904541,-0.13323980569839478,0.43505600094795227,0.46746331453323364,-0.16370880603790283,0.476705938577652,0.5204585790634155,-0.18624581396579742,0.22764723002910614,0.32740283012390137,-0.11121371388435364,0.3064710795879364,0.47596558928489685,-0.15100857615470886,0.34890562295913696,0.5735599994659424,-0.16651734709739685,0.37772414088249207,0.6477649211883545,-0.18351803719997406,0.167320117354393,0.3721426725387573,-0.1258774697780609,0.25381556153297424,0.5348578691482544,-0.1445353478193283,0.2485935539007187,0.5406869649887085,-0.12300854176282883,0.22821855545043945,0.5085639357566833,-0.11235394328832626,0.11926577985286713,0.4258115291595459,-0.14330334961414337,0.19639167189598083,0.5618392825126648,-0.1520422101020813,0.21677568554878235,0.586036205291748,-0.1347864717245102,0.22516916692256927,0.5740740299224854,-0.12389490753412247
P,0.059907346963882446,0.3094449043273926,1.1515863889144384e-06,0.15921330451965332,0.29935136437416077,-0.0032159066759049892,0.2473323792219162,0.38158583641052246,-0.033662497997283936,0.2796543836593628,0.504089891910553,-0.0642404705286026,0.2806452214717865,0.574336051940918,-0.09327555447816849,0.29020699858665466,0.3040769100189209,-0.08606544882059097,0.3813844323158264,0.39514973759651184,-0.1276501715183258,0.4328707456588745,0.4587935209274292,-0.15861351788043976,0.4732598066329956,0.5114336013793945,-0.18144991993904114,0.23145535588264465,0.32250621914863586,-0.10653726756572723,0.31025660037994385,0.4685225486755371,-0.145289808511734,0.35204195976257324,0.5641738772392273,-0.16054199635982513,0.38042348623275757,0.6361581683158875,-0.17698170244693756,0.1709720939397812,0.3654247522354126,-0.12218853831291199,0.25697195529937744,0.5234881639480591,-0.14090792834758759,0.2516748309135437,0.532823383808136,-0.11994671821594238,0.23092007637023926,0.5039111971855164,-0.10925209522247314,0.12204240262508392,0.4175407886505127,-0.1405012011528015,0.1976434588432312,0.5510916709899902,-0.14948150515556335,0.2192142903804779,0.5807175040245056,-0.13264955580234528,0.22906680405139923,0.574306845664978,-0.1217561885714531
P,0.08726875483989716,0.33797362446784973,1.0354415280744433e-06,0.17958009243011475,0.30786922574043274,0.001540800672955811,0.2654179632663727,0.36025193333625793,-0.024801963940262794,0.30377304553985596,0.46594613790512085,-0.05313873291015625,0.31673163175582886,0.5443496704101562,-0.0810694769024849,0.30889034271240234,0.29591378569602966,-0.07812193781137466,0.4071429967880249,0.36515119671821594,-0.1155475378036499,0.4632303714752197,0.41088739037513733,-0.1416526585817337,0.5082001686096191,0.44983193278312683,-0.16046327352523804,0.2598172128200531,0.3238047957420349,-0.10028178244829178,0.351811945438385,0.4482317864894867,-0.1358407884836197,0.3961245119571686,0.5296567678451538,-0.14836494624614716,0.4277886748313904,0.5915026068687439,-0.16151750087738037,0.20961230993270874,0.3739542067050934,-0.11733999848365784,0.30002713203430176,0.5149397253990173,-0.13574543595314026,0.28815957903862,0.5186596512794495,-0.11617310345172882,0.2642190456390381,0.4912905693054199,-0.10534200817346573,0.1673276126384735,0.4297134280204773,-0.13603946566581726,0.24648642539978027,0.5461978912353516,-0.14016123116016388,0.24586310982704163,0.547994077205658,-0.11861242353916168,0.2316141277551651,0.5208863615989685,-0.10450165718793869
P,0.08439479768276215,0.3421192169189453,1.0401101917523192e-06,0.1780063658952713,0.312296062707901,0.0018669514684006572,0.26415568590164185,0.3682221472263336,-0.024278799071907997,0.3035225570201874,0.47555747628211975,-0.05238679051399231,0.31745004653930664,0.5527159571647644,-0.08000880479812622,0.30800268054008484,0.3022874593734741,-0.07835535705089569,0.40637320280075073,0.372173935174942,-0.11602329462766647,0.46238550543785095,0.4191567301750183,-0.14298442006111145,0.5079203248023987,0.45954790711402893,-0.16255894303321838,0.25883790850639343,0.3310619592666626,-0.10073088109493256,0.35052624344825745,0.45889008045196533,-0.1358124315738678,0.3950287103652954,0.5403410792350769,-0.1490257829427719,0.4270879030227661,0.6020515561103821,-0.16328777372837067,0.20813709497451782,0.38211119174957275,-0.11787808686494827,0.2979039251804352,0.5228262543678284,-0.1358257234096527,0.2842349708080292,0.5218333005905151,-0.11579616367816925,0.25897467136383057,0.4907320439815521,-0.1051681861281395,0.16582928597927094,0.4376716613769531,-0.13674432039260864,0.2450597882270813,0.554732084274292,-0.1410476416349411,0.24362269043922424,0.5558626055717468,-0.1192546859383583,0.228738933801651,0.5282372832298279,-0.10520153492689133
P,0.08809593319892883,0.3417600095272064,1.0369607252869173e-06,0.18093381822109222,0.31197404861450195,0.0026319334283471107,0.26929864287376404,0.36340367794036865,-0.023138700053095818,0.3114735186100006,0.468355268239975,-0.05093827098608017,0.3282339572906494,0.549501895904541,-0.07816199213266373,0.3135512173175812,0.2954513430595398,-0.0753399059176445,0.41110536456108093,0.3654920160770416,-0.11208398640155792,0.46638181805610657,0.4141077697277069,-0.1385176032781601,0.510108232498169,0.4561784565448761,-0.1577850580215454,0.2661806643009186,0.3254600167274475,-0.09756820648908615,0.35556524991989136,0.4606166481971741,-0.1312555968761444,0.3971100449562073,0.5440155267715454,-0.14323200285434723,0.42746657133102417,0.6046048402786255,-0.1568988412618637,0.21670642495155334,0.3762999176979065,-0.11462294310331345,0.3051118552684784,0.5201517939567566,-0.1312117576599121,0.2898285388946533,0.5205062627792358,-0.11023342609405518,0.2646740674972534,0.48925602436065674,-0.09962312877178192,0.1745472550392151,0.4315280318260193,-0.13328085839748383,0.25106626749038696,0.5480891466140747,-0.13607199490070343,0.24837064743041992,0.5496530532836914,-0.11303240060806274,0.2346310019493103,0.5220706462860107,-0.09850621223449707
P,0.08352743089199066,0.34122321009635925,1.0464150363986846e-06,0.17471802234649658,0.30923330783843994,0.0028585034888237715,0.2643927335739136,0.3573967218399048,-0.023645490407943726,0.30733925104141235,0.45835909247398376,-0.05216259881854057,0.3197953402996063,0.5375678539276123,-0.0806180089712143,0.3093673884868622,0.28865334391593933,-0.07767656445503235,0.40784189105033875,0.35064348578453064,-0.11396509408950806,0.4656969904899597,0.3922656178474426,-0.14006027579307556,0.5128722190856934,0.4281882345676422,-0.15964846312999725,0.2619601786136627,0.31716591119766235,-0.10014813393354416,0.3504665791988373,0.4524676501750946,-0.1348484307527542,0.392669141292572,0.5362784266471863,-0.1468069851398468,0.4245937466621399,0.5962020754814148,-0.16029870510101318,0.21240131556987762,0.3666980266571045,-0.11709286272525787,0.30045661330223083,0.5073174238204956,-0.13484887778759003,0.2852398157119751,0.5121583938598633,-0.11340838670730591,0.2594839930534363,0.4845323860645294,-0.10202445089817047,0.17058123648166656,0.4204801023006439,-0.13558712601661682,0.2496388852596283,0.5364901423454285,-0.14057676494121552,0.25145912170410156,0.5512152910232544,-0.11836051195859909,0.2410506010055542,0.5351145267486572,-0.10381467640399933
P,0.08311927318572998,0.3376789391040802,1.043546376422455e-06,0.1726759374141693,0.3015727996826172,0.0038920056540519,0.26188012957572937,0.3454630672931671,-0.022352200001478195,0.30602651834487915,0.4428868889808655,-0.05076758563518524,0.3193928003311157,0.5203217267990112,-0.07906939834356308,0.30840569734573364,0.2749277949333191,-0.0756576731801033,0.4081241190433502,0.33403998613357544,-0.1113007664680481,0.46549224853515625,0.37586158514022827,-0.13687926530838013,0.5109501481056213,0.4137030243873596,-0.1559925675392151,0.2630445659160614,0.3053431510925293,-0.09806537628173828,0.35208630561828613,0.4386184513568878,-0.13197533786296844,0.39501312375068665,0.52028888463974,-0.14372839033603668,0.4270586371421814,0.5796082019805908,-0.1571805328130722,0.21551451086997986,0.3559128940105438,-0.11487913876771927,0.30218690633773804,0.49309295415878296,-0.13159959018230438,0.2866438925266266,0.4970853924751282,-0.10996286571025848,0.26082512736320496,0.4704980254173279,-0.09875081479549408,0.17490911483764648,0.4100523293018341,-0.13319022953510284,0.2535495162010193,0.5245609879493713,-0.13712568581104279,0.25642645359039307,0.5414669513702393,-0.11465374380350113,0.24744409322738647,0.5285407304763794,-0.10007070749998093
P,0.04069063067436218,0.36136293411254883,1.0674910981833818e-06,0.12488257139921188,0.31675028800964355,0.006004354916512966,0.21433883905410767,0.3368431627750397,-0.017537381500005722,0.2686144709587097,0.4124690294265747,-0.04432997480034828,0.29182982444763184,0.4806925654411316,-0.0711996778845787,0.26533642411231995,0.25829020142555237,-0.06457170099020004,0.36529144644737244,0.30319494009017944,-0.09954441338777542,0.424457311630249,0.3357526957988739,-0.12500223517417908,0.4727337658405304,0.36347877979278564,-0.14439710974693298,0.224030002951622,0.28775233030319214,-0.0877237468957901,0.32145798206329346,0.41218337416648865,-0.12067622691392899,0.3676984906196594,0.4858539402484894,-0.13412262499332428,0.40175631642341614,0.5369027853012085,-0.14836560189723969,0.17974233627319336,0.34096628427505493,-0.10615750402212143,0.270339697599411,0.4596671462059021,-0.12595592439174652,0.2551335394382477,0.46937501430511475,-0.11060260981321335,0.22780513763427734,0.45123934745788574,-0.10262006521224976,0.14182400703430176,0.39839500188827515,-0.12554654479026794,0.21805337071418762,0.4969622790813446,-0.1366642266511917,0.24178384244441986,0.5364928245544434,-0.12345316261053085,0.25607922673225403,0.5520380735397339,-0.11408890783786774
P,-0.012532278895378113,0.36591407656669617,1.0879895171456155e-06,0.06705287098884583,0.3378458619117737,-0.0029524867422878742,0.15037629008293152,0.37223297357559204,-0.032400764524936676,0.19831642508506775,0.4556252062320709,-0.06365097314119339,0.21548180282115936,0.5033263564109802,-0.09427691996097565,0.1935960352420807,0.2746764123439789,-0.07367946952581406,0.289262056350708,0.3217266798019409,-0.11351055651903152,0.3458026349544525,0.3573600649833679,-0.14459475874900818,0.3913700580596924,0.3887289762496948,-0.16768214106559753,0.14533963799476624,0.3008158802986145,-0.09528332203626633,0.22964030504226685,0.4271644949913025,-0.1360013484954834,0.27982857823371887,0.5037457346916199,-0.15460485219955444,0.3136571943759918,0.5565556883811951,-0.17176398634910583,0.0969652310013771,0.3539959490299225,-0.11309266090393066,0.1879822462797165,0.48144853115081787,-0.13657307624816895,0.1871003806591034,0.503192126750946,-0.12320601940155029,0.16735495626926422,0.4911606013774872,-0.11671959608793259,0.05935889482498169,0.413422167301178,-0.13288162648677826,0.1362975686788559,0.5216687917709351,-0.14572075009346008,0.1618601381778717,0.5562890768051147,-0.1327439546585083,0.17539814114570618,0.5617734789848328,-0.12386670708656311
P,0.048019975423812866,0.3440387547016144,1.1598856417549541e-06,0.1330498456954956,0.3094964325428009,-0.001601961674168706,0.2209697663784027,0.3458804786205292,-0.031773827970027924,0.2685507535934448,0.4389793574810028,-0.06419827789068222,0.2828119397163391,0.5090006589889526,-0.0968024805188179,0.265505313873291,0.25889891386032104,-0.07972373813390732,0.3653874695301056,0.3115687966346741,-0.12067814916372299,0.425191730260849,0.34900256991386414,-0.15158109366893768,0.47465312480926514,0.3792436420917511,-0.17483489215373993,0.21634015440940857,0.2864420711994171,-0.10320381075143814,0.3112862706184387,0.4104926288127899,-0.14398974180221558,0.3632447421550751,0.49240434169769287,-0.16232776641845703,0.4001929759979248,0.5489869117736816,-0.17992737889289856,0.1665220409631729,0.33963388204574585,-0.1221528947353363,0.2617243826389313,0.46898168325424194,-0.1473727524280548,0.2539537250995636,0.49370938539505005,-0.13342833518981934,0.22966837882995605,0.47955724596977234,-0.12633240222930908,0.12687095999717712,0.3983423709869385,-0.1427474319934845,0.20801660418510437,0.5100201964378357,-0.1560623198747635,0.22613513469696045,0.5476441979408264,-0.14185984432697296,0.23083311319351196,0.5517945289611816,-0.13245214521884918
P,0.04796312749385834,0.3511345386505127,1.1447746146586724e-06,0.13275186717510223,0.31335780024528503,-0.0009240293293260038,0.21981181204319,0.3483082950115204,-0.03087058663368225,0.2672237753868103,0.4410817325115204,-0.06323317438364029,0.2809911370277405,0.5132380127906799,-0.09582870453596115,0.2652587890625,0.2615184187889099,-0.07875439524650574,0.3654584586620331,0.314411997795105,-0.11930309981107712,0.42522838711738586,0.3511814475059509,-0.15003950893878937,0.47444289922714233,0.3807621896266937,-0.1732761710882187,0.21607156097888947,0.28854691982269287,-0.10229192674160004,0.31000372767448425,0.4122712016105652,-0.1422916203737259,0.3609951138496399,0.4926798939704895,-0.16002285480499268,0.39761537313461304,0.5475624799728394,-0.17735040187835693,0.16619393229484558,0.341237872838974,-0.12126288563013077,0.2604581415653229,0.46943649649620056,-0.1456080824136734,0.2527252435684204,0.4940521717071533,-0.1308462917804718,0.22875207662582397,0.48038288950920105,-0.12332535535097122,0.12627387046813965,0.3987230062484741,-0.1419195830821991,0.20540425181388855,0.508953332901001,-0.1547832041978836,0.22450578212738037,0.5467522144317627,-0.14042703807353973,0.23086370527744293,0.5524005889892578,-0.1308852583169937
P,0.0542018860578537,0.345599889755249,1.1531922154972563e-06,0.1399129331111908,0.3098090589046478,0.0002877564693335444,0.2269539088010788,0.34603479504585266,-0.029370198026299477,0.27360811829566956,0.4382410943508148,-0.0617213137447834,0.2872236371040344,0.5106667280197144,-0.09454988688230515,0.27287551760673523,0.26340168714523315,-0.07877308130264282,0.372770756483078,0.3167372941970825,-0.12037824094295502,0.4318232238292694,0.3558092415332794,-0.15173406898975372,0.47992604970932007,0.38814395666122437,-0.17532064020633698,0.22332006692886353,0.29030942916870117,-0.1033395528793335,0.3185954988002777,0.4149782359600067,-0.1447582095861435,0.3692567050457001,0.4964783787727356,-0.1633208990097046,0.40495699644088745,0.5527873039245605,-0.18114319443702698,0.1730871945619583,0.3426465094089508,-0.12329941242933273,0.26877856254577637,0.47083914279937744,-0.14906443655490875,0.26109418272972107,0.4947541058063507,-0.1355939358472824,0.23726196587085724,0.48156654834747314,-0.12893231213092804,0.13252189755439758,0.4001891016960144,-0.14470268785953522,0.21121487021446228,0.5110318064689636,-0.15865923464298248,0.23191127181053162,0.549009382724762,-0.14545996487140656,0.24076029658317566,0.5556831359863281,-0.1368386298418045
P,0.05194006860256195,0.3539275527000427,1.1321661759211565e-06,0.13826918601989746,0.3154703676700592,9.118079469772056e-05,0.2265673279762268,0.35238245129585266,-0.029317282140254974,0.2742367684841156,0.44796499609947205,-0.06109345704317093,0.28575006127357483,0.5210436582565308,-0.09322895109653473,0.27144116163253784,0.2670324444770813,-0.07863958925008774,0.3719637393951416,0.3212413787841797,-0.11819113790988922,0.43135857582092285,0.3594740629196167,-0.14814360439777374,0.47994107007980347,0.39057108759880066,-0.1708545833826065,0.2233397215604782,0.29578539729118347,-0.10231226682662964,0.3184742331504822,0.42171382904052734,-0.14068260788917542,0.36874979734420776,0.5029718279838562,-0.1574859470129013,0.40469858050346375,0.5585330128669739,-0.17443470656871796,0.17402102053165436,0.34943920373916626,-0.12115271389484406,0.26960983872413635,0.47941142320632935,-0.1436261087656021,0.2613683342933655,0.5027713179588318,-0.12798430025577545,0.23720449209213257,0.48812419176101685,-0.12025628238916397,0.13424420356750488,0.4082900285720825,-0.14161451160907745,0.21590189635753632,0.5183757543563843,-0.15261141955852509,0.23305562138557434,0.5551364421844482,-0.1368212103843689,0.23715363442897797,0.5597664713859558,-0.12647874653339386
P,0.0711740255355835,0.34781038761138916,1.1405790019125561e-06,0.15731851756572723,0.3079473674297333,0.0018522316822782159,0.2460927963256836,0.3434399962425232,-0.026983369141817093,0.2941375970840454,0.4364089369773865,-0.05849159508943558,0.30718886852264404,0.5088018774986267,-0.09033218026161194,0.29470571875572205,0.2585480809211731,-0.07757271081209183,0.39718934893608093,0.3161928355693817,-0.11672899127006531,0.4567411541938782,0.3571001887321472,-0.14587490260601044,0.5053856372833252,0.39081496000289917,-0.16800545156002045,0.24802523851394653,0.2867995798587799,-0.10142754018306732,0.3419860601425171,0.41569027304649353,-0.1392204463481903,0.39088958501815796,0.4942924976348877,-0.15507887303829193,0.4281463921070099,0.5473877787590027,-0.17184370756149292,0.1999182403087616,0.3400922417640686,-0.12026955932378769,0.29145848751068115,0.4706359803676605,-0.1418723315000534,0.2779213786125183,0.48455241322517395,-0.12477001547813416,0.25142839550971985,0.46405676007270813,-0.1164856106042862,0.1602969467639923,0.3976781666278839,-0.14066585898399353,0.2401672899723053,0.5077648758888245,-0.15088623762130737,0.25540533661842346,0.5421751141548157,-0.1343662589788437,0.25894010066986084,0.5461233854293823,-0.12379030883312225
P,0.07870900630950928,0.3365388512611389,1.1376441761967726e-06,0.17039930820465088,0.3043219745159149,0.004200473893433809,0.2600797414779663,0.35015735030174255,-0.022340700030326843,0.3056788444519043,0.4477974772453308,-0.05165081098675728,0.3160656988620758,0.5214078426361084,-0.0813426822423935,0.312719464302063,0.27255189418792725,-0.07114666700363159,0.40815475583076477,0.3514561355113983,-0.10777846723794937,0.4614775776863098,0.4051843285560608,-0.13469980657100677,0.5050857067108154,0.44858691096305847,-0.15495909750461578,0.26680973172187805,0.297191321849823,-0.09422225505113602,0.35441553592681885,0.434471994638443,-0.12733836472034454,0.3972514271736145,0.5181747078895569,-0.14124861359596252,0.4295450448989868,0.5760990381240845,-0.1569046974182129,0.21656274795532227,0.346065491437912,-0.11237706243991852,0.29877743124961853,0.48145973682403564,-0.13148267567157745,0.28375810384750366,0.4918828010559082,-0.11543052643537521,0.25740909576416016,0.46919018030166626,-0.10774692893028259,0.17307639122009277,0.3991507887840271,-0.13173909485340118,0.24514082074165344,0.5150415897369385,-0.14133405685424805,0.26255905628204346,0.5576210021972656,-0.12680232524871826,0.2699521481990814,0.5693022012710571,-0.11747518181800842
P,-0.019773423671722412,0.3826710283756256,1.0969195045618108e-06,0.058422498404979706,0.3463783860206604,0.006933846045285463,0.1413879692554474,0.3472514748573303,-0.020760463550686836,0.20241980254650116,0.40235456824302673,-0.05442217364907265,0.24080945551395416,0.4471660256385803,-0.08930157124996185,0.1781783252954483,0.22118547558784485,-0.06672503054141998,0.2834973931312561,0.24249477684497833,-0.11367468535900116,0.34829646348953247,0.26964956521987915,-0.14854970574378967,0.40008777379989624,0.29456308484077454,-0.17329545319080353,0.136313334107399,0.24717417359352112,-0.09585266560316086,0.2544253468513489,0.3448142111301422,-0.14209428429603577,0.31418323516845703,0.4088233411312103,-0.1632218211889267,0.3568650186061859,0.4516999125480652,-0.18149414658546448,0.09804772585630417,0.30373504757881165,-0.12154283374547958,0.21376904845237732,0.4020389914512634,-0.15713778138160706,0.2083030641078949,0.443841814994812,-0.14887963235378265,0.1854410618543625,0.4576836824417114,-0.14292725920677185,0.0680810958147049,0.36759984493255615,-0.14754444360733032,0.15813131630420685,0.4564846158027649,-0.17233721911907196,0.19711175560951233,0.5046975016593933,-0.16583994030952454,0.22315305471420288,0.5336747169494629,-0.1596030443906784
P,0.004485264420509338,0.33408698439598083,1.1224373110962915e-06,0.09568159282207489,0.30983084440231323,0.0005591689259745181,0.1847911775112152,0.3575664162635803,-0.02882138080894947,0.2302129566669464,0.45925477147102356,-0.06037018448114395,0.2381657361984253,0.5443001389503479,-0.09206709265708923,0.22959177196025848,0.2740528881549835,-0.07832366973161697,0.32598066329956055,0.35063010454177856,-0.11933767050504684,0.38048702478408813,0.40550437569618225,-0.14848081767559052,0.42334312200546265,0.44820544123649597,-0.16959284245967865,0.1779921054840088,0.29683923721313477,-0.10139819979667664,0.2688498795032501,0.44089066982269287,-0.13985446095466614,0.3102746605873108,0.5233001708984375,-0.15452918410301208,0.339467853307724,0.574247419834137,-0.16916222870349884,0.1251952350139618,0.34781286120414734,-0.12012466043233871,0.2189265936613083,0.4835955500602722,-0.14415453374385834,0.21417737007141113,0.5132831931114197,-0.1297047734260559,0.19393913447856903,0.5075828433036804,-0.12154264748096466,0.08297962695360184,0.4066169559955597,-0.1400481015443802,0.16044259071350098,0.5215830206871033,-0.15259462594985962,0.18980291485786438,0.5726270079612732,-0.14022721350193024,0.20998933911323547,0.5970388054847717,-0.13173973560333252
P,-0.01772807538509369,0.35833218693733215,1.096711116588267e-06,0.06933578103780746,0.3303069472312927,0.0005171273369342089,0.15902717411518097,0.36749351024627686,-0.02730695717036724,0.2098674327135086,0.45892196893692017,-0.05795083940029144,0.22489330172538757,0.537102460861206,-0.08862276375293732,0.20800991356372833,0.27610671520233154,-0.06946159154176712,0.30494654178619385,0.34427544474601746,-0.1100628599524498,0.36058247089385986,0.39608752727508545,-0.13995498418807983,0.4034809172153473,0.43920278549194336,-0.1611597090959549,0.1596105694770813,0.3000386953353882,-0.09234244376420975,0.25340232253074646,0.43916091322898865,-0.13138212263584137,0.29473572969436646,0.518574595451355,-0.1479875147342682,0.32309040427207947,0.5689863562583923,-0.16293320059776306,0.11003739386796951,0.3524276614189148,-0.11147932708263397,0.20232991874217987,0.4860958456993103,-0.13760657608509064,0.19469629228115082,0.5136969685554504,-0.12533056735992432,0.1732206642627716,0.5081921219825745,-0.11733627319335938,0.06963667273521423,0.4126245975494385,-0.1317208856344223,0.1477629840373993,0.5256435871124268,-0.14566081762313843,0.17782694101333618,0.5756903886795044,-0.13389350473880768,0.19933146238327026,0.6002582311630249,-0.12488885223865509
X,0.23505786061286926,0.9314098358154297,3.768985834540217e-08,0.3008217215538025,0.8558576703071594,-0.012266979552805424,0.3491462469100952,0.7422211766242981,-0.03507905453443527,0.3611060082912445,0.6522613167762756,-0.06546390801668167,0.31344354152679443,0.6479965448379517,-0.09538429975509644,0.2590273916721344,0.5840210914611816,-0.01624373532831669,0.27757740020751953,0.4757569432258606,-0.04912786930799484,0.31698375940322876,0.4321187138557434,-0.06754014641046524,0.3529438078403473,0.4221743047237396,-0.07642444968223572,0.20903025567531586,0.5963062644004822,-0.033204980194568634,0.28473272919654846,0.5501355528831482,-0.07293184846639633,0.31237849593162537,0.6480366587638855,-0.07879316806793213,0.3034012019634247,0.701678454875946,-0.07319773733615875,0.17655158042907715,0.6303815841674805,-0.053062621504068375,0.25725895166397095,0.599389374256134,-0.09477490931749344,0.2842797636985779,0.6876397132873535,-0.0844995528459549,0.2762044072151184,0.7393050193786621,-0.06694786250591278,0.15576830506324768,0.6825720071792603,-0.0747484564781189,0.21475860476493835,0.6304880380630493,-0.10074400156736374,0.26170429587364197,0.6768815517425537,-0.08788324147462845,0.28714972734451294,0.7223596572875977,-0.0705409124493599
X,0.2344391793012619,0.9317461848258972,-3.815959992437001e-09,0.2987585961818695,0.8531549572944641,-0.010996084660291672,0.3463705778121948,0.7420967817306519,-0.032875124365091324,0.36013534665107727,0.6535280346870422,-0.06256727874279022,0.313067764043808,0.6487275958061218,-0.09158924967050552,0.25916311144828796,0.584794282913208,-0.016299409791827202,0.2814825773239136,0.4755813479423523,-0.049158915877342224,0.3261895179748535,0.4460495710372925,-0.06807060539722443,0.3652380108833313,0.44716647267341614,-0.07723786681890488,0.20951388776302338,0.5967666506767273,-0.033165499567985535,0.2810150384902954,0.5539224147796631,-0.0702073946595192,0.3077908158302307,0.6503865122795105,-0.07622011750936508,0.30129411816596985,0.7030701041221619,-0.07218684256076813,0.17615339159965515,0.6312856674194336,-0.05275551602244377,0.2540508508682251,0.6012625098228455,-0.09176741540431976,0.28033536672592163,0.6891084313392639,-0.08193741738796234,0.2749500572681427,0.7416945099830627,-0.06570027023553848,0.15419645607471466,0.683689296245575,-0.07423283159732819,0.21163268387317657,0.6323280334472656,-0.09909964352846146,0.25951892137527466,0.6780906319618225,-0.08693568408489227,0.2879815995693207,0.7246566414833069,-0.07047063857316971
X,0.23233532905578613,0.9296166896820068,-2.269550414268906e-08,0.29726189374923706,0.8524811267852783,-0.011546410620212555,0.34398990869522095,0.7431968450546265,-0.034404557198286057,0.35867369174957275,0.6530354619026184,-0.06523648649454117,0.3124944567680359,0.6443436741828918,-0.09540963917970657,0.2635631263256073,0.5883417129516602,-0.01855642721056938,0.28821754455566406,0.4799525737762451,-0.05486186593770981,0.3354235291481018,0.45879584550857544,-0.07509645074605942,0.37398597598075867,0.468339741230011,-0.08402258157730103,0.21387632191181183,0.6011542081832886,-0.035857126116752625,0.28226616978645325,0.5537024140357971,-0.07521069049835205,0.3085862696170807,0.6510612964630127,-0.08065656572580338,0.30019035935401917,0.7025821805000305,-0.0754695013165474,0.1794387400150299,0.6356756091117859,-0.056319065392017365,0.2524758279323578,0.5991379022598267,-0.09798767417669296,0.28007790446281433,0.6863047480583191,-0.08748220652341843,0.2742812931537628,0.738905131816864,-0.06980255991220474,0.1556146740913391,0.6879796385765076,-0.07853436470031738,0.20950619876384735,0.6287841796875,-0.1057528704404831,0.2590186595916748,0.6746494770050049,-0.09317044168710709,0.287454754114151,0.7232936024665833,-0.07572101056575775
X,0.22878405451774597,0.9258977174758911,3.994420794128928e-08,0.29189538955688477,0.8516182899475098,-0.012757977470755577,0.3387320339679718,0.738057017326355,-0.03525601699948311,0.35089585185050964,0.6440370082855225,-0.06515613943338394,0.30309513211250305,0.6415886282920837,-0.09452100843191147,0.2563474774360657,0.5875887870788574,-0.017842205241322517,0.27925676107406616,0.4787607789039612,-0.051242645829916,0.3227725327014923,0.44668859243392944,-0.06949842721223831,0.35997888445854187,0.4427674412727356,-0.07838772237300873,0.20712769031524658,0.6005950570106506,-0.03440947085618973,0.273742139339447,0.5463626384735107,-0.07470627874135971,0.3014824390411377,0.6446365118026733,-0.08016839623451233,0.29407158493995667,0.696674108505249,-0.07456355541944504,0.173440620303154,0.6331640481948853,-0.05397588014602661,0.24459326267242432,0.5927039980888367,-0.09574650228023529,0.27228835225105286,0.6804085373878479,-0.08491355925798416,0.2662144601345062,0.7334016561508179,-0.06709874421358109,0.1496814489364624,0.6833499670028687,-0.0754048079252243,0.20588210225105286,0.624205470085144,-0.10192699730396271,0.25249096751213074,0.671342670917511,-0.0894562155008316,0.2767705023288727,0.7195806503295898,-0.07267613708972931
X,0.22913886606693268,0.9288175106048584,-3.0693712460561073e-08,0.2946511507034302,0.8537097573280334,-0.013992523774504662,0.33897271752357483,0.741532564163208,-0.035687319934368134,0.35365229845046997,0.6490063667297363,-0.06470136344432831,0.30530601739883423,0.6407888531684875,-0.09228476881980896,0.25953853130340576,0.5924577116966248,-0.014140943996608257,0.29273897409439087,0.4916832447052002,-0.05187206342816353,0.341707706451416,0.48414501547813416,-0.07437868416309357,0.3796144127845764,0.5094070434570312,-0.08396655321121216,0.21039441227912903,0.6029155850410461,-0.028993144631385803,0.2711271345615387,0.551868200302124,-0.06802092492580414,0.2991129755973816,0.646702766418457,-0.07520236074924469,0.2956853210926056,0.703396737575531,-0.07081003487110138,0.17638373374938965,0.6343662738800049,-0.04795658588409424,0.24445845186710358,0.5956190824508667,-0.08788371831178665,0.2720526456832886,0.6785174012184143,-0.07952055335044861,0.26902705430984497,0.7339659929275513,-0.06350809335708618,0.1531042456626892,0.6827073693275452,-0.06912785023450851,0.2128509283065796,0.6299105882644653,-0.0952998697757721,0.25885528326034546,0.6757266521453857,-0.08546778559684753,0.28321900963783264,0.7231281399726868,-0.0703740045428276
X,0.2225157916545868,0.9024863839149475,9.476300277810878e-08,0.2843530476093292,0.8289124369621277,-0.013263965025544167,0.32632142305374146,0.7154298424720764,-0.03683043643832207,0.3356991708278656,0.6222615838050842,-0.06746569275856018,0.2874905467033386,0.6166279911994934,-0.09720734506845474,0.236741304397583,0.5720543265342712,-0.021280840039253235,0.23794710636138916,0.4544565677642822,-0.0556098110973835,0.273264616727829,0.40579718351364136,-0.07137897610664368,0.3066425919532776,0.39795055985450745,-0.0773579403758049,0.1909889429807663,0.5895522236824036,-0.03781728073954582,0.2537263035774231,0.5154361724853516,-0.08279145509004593,0.2882620096206665,0.6128348708152771,-0.08637287467718124,0.28320008516311646,0.6698477864265442,-0.07692021131515503,0.1599176824092865,0.621596097946167,-0.057399291545152664,0.22713829576969147,0.5678226947784424,-0.10246984660625458,0.26056215167045593,0.6552178263664246,-0.08885445445775986,0.2549602687358856,0.7102252244949341,-0.06738778948783875,0.13736361265182495,0.6701679229736328,-0.07864256203174591,0.18758077919483185,0.6034364104270935,-0.10653837025165558,0.23595619201660156,0.6467831134796143,-0.09245854616165161,0.2590383291244507,0.6922208666801453,-0.0736866295337677
X,0.21412956714630127,0.9084061980247498,7.628799636449912e-08,0.2763110101222992,0.8304272294044495,-0.01233705785125494,0.3178829848766327,0.7166140675544739,-0.03511275351047516,0.32589635252952576,0.6207079291343689,-0.06513344496488571,0.2749429941177368,0.6155195236206055,-0.09471102058887482,0.23002663254737854,0.5782882571220398,-0.018539533019065857,0.23191866278648376,0.4646911025047302,-0.051623038947582245,0.2650214433670044,0.41543272137641907,-0.06811840087175369,0.29650312662124634,0.40289217233657837,-0.07547002285718918,0.18451428413391113,0.595853328704834,-0.03549046441912651,0.24048057198524475,0.5184687972068787,-0.08032684028148651,0.2758137583732605,0.6148407459259033,-0.08540010452270508,0.27451157569885254,0.6750211715698242,-0.07709439098834991,0.15332253277301788,0.6275084614753723,-0.055246878415346146,0.21225561201572418,0.5667186379432678,-0.09985233843326569,0.24739982187747955,0.6511452794075012,-0.08750113844871521,0.2455986589193344,0.7081062197685242,-0.06717067956924438,0.13012468814849854,0.6766453981399536,-0.07653246819972992,0.17435918748378754,0.604354739189148,-0.10471596568822861,0.22281727194786072,0.6463330984115601,-0.09175118058919907,0.2483638972043991,0.6936548948287964,-0.0741172581911087
X,0.21512478590011597,0.9052290916442871,9.193777827931626e-08,0.27644503116607666,0.827065110206604,-0.01084544975310564,0.3174706995487213,0.7123191356658936,-0.03236977756023407,0.3249836266040802,0.6150625348091125,-0.061237722635269165,0.2753942906856537,0.6137596964836121,-0.0899919867515564,0.23135216534137726,0.5767936706542969,-0.018010180443525314,0.2323773056268692,0.45841991901397705,-0.05027534440159798,0.2625652551651001,0.4044991433620453,-0.06665695458650589,0.2921712398529053,0.3812868893146515,-0.07496854662895203,0.18691447377204895,0.5949692726135254,-0.03583357483148575,0.24076113104820251,0.5121779441833496,-0.0829351618885994,0.27592527866363525,0.6112010478973389,-0.08914102613925934,0.27428728342056274,0.6728169918060303,-0.08114043623209,0.15622106194496155,0.6265429258346558,-0.05607223883271217,0.2116526961326599,0.5637381076812744,-0.10228421539068222,0.2472778558731079,0.6478168368339539,-0.09070762246847153,0.24601265788078308,0.7050650715827942,-0.07041329145431519,0.13297690451145172,0.6746636629104614,-0.07761864364147186,0.17643044888973236,0.601928174495697,-0.10663885623216629,0.22525879740715027,0.6428218483924866,-0.09458526223897934,0.2507745027542114,0.6896019577980042,-0.07762176543474197
X,0.21270576119422913,0.9098459482192993,3.14351531471857e-08,0.27399447560310364,0.8283580541610718,-0.012248114682734013,0.3149919807910919,0.7181271910667419,-0.03476322069764137,0.3233468532562256,0.6235028505325317,-0.06467758119106293,0.2739219665527344,0.616100549697876,-0.09368488192558289,0.23252850770950317,0.5846123099327087,-0.019497152417898178,0.2385212928056717,0.46545660495758057,-0.05453977361321449,0.2793329358100891,0.4361763298511505,-0.07242071628570557,0.3139072060585022,0.44361889362335205,-0.07963467389345169,0.18780049681663513,0.6002165675163269,-0.035633571445941925,0.24070009589195251,0.526262104511261,-0.07717449218034744,0.27448055148124695,0.6202114820480347,-0.08229108154773712,0.2723398208618164,0.6760748624801636,-0.07570668309926987,0.15521365404129028,0.6299223899841309,-0.05482430011034012,0.21280226111412048,0.5709922909736633,-0.0961255207657814,0.24528132379055023,0.654914140701294,-0.08408143371343613,0.24260392785072327,0.7105926871299744,-0.06533277779817581,0.12934887409210205,0.676293134689331,-0.07576728612184525,0.1735362410545349,0.6059103012084961,-0.10183625668287277,0.22069883346557617,0.6483919620513916,-0.08854442089796066,0.24556143581867218,0.6961374878883362,-0.07121218740940094
X,0.21132273972034454,0.9110482335090637,-2.323290182459914e-08,0.2721787989139557,0.8280516862869263,-0.010440624319016933,0.3119518458843231,0.7180696129798889,-0.03229405730962753,0.3215436041355133,0.6224808096885681,-0.062072694301605225,0.272635281085968,0.6164222955703735,-0.09088878333568573,0.2340163141489029,0.5851525068283081,-0.01791742444038391,0.24070876836776733,0.4616910219192505,-0.05467122048139572,0.28441229462623596,0.44159722328186035,-0.07348550111055374,0.31853795051574707,0.4604646563529968,-0.08037172257900238,0.18999996781349182,0.6010690927505493,-0.03499724343419075,0.2412743866443634,0.525718629360199,-0.07696975022554398,0.2734171450138092,0.6223075985908508,-0.0827246755361557,0.26794713735580444,0.6773853302001953,-0.07670964300632477,0.156476229429245,0.6309369206428528,-0.05522014573216438,0.21214355528354645,0.5684009194374084,-0.09652121365070343,0.24308350682258606,0.6531850099563599,-0.08460477739572525,0.23792113363742828,0.7081195712089539,-0.06609916687011719,0.12826111912727356,0.6776033639907837,-0.07698909193277359,0.17107708752155304,0.6038095951080322,-0.10255572199821472,0.21809495985507965,0.6479511260986328,-0.08846371620893478,0.24166187644004822,0.6970670223236084,-0.07072453945875168
X,0.21452449262142181,0.9041078090667725,1.2783266356564127e-07,0.27163252234458923,0.8235878348350525,-0.011215661652386189,0.3094216287136078,0.713085949420929,-0.0299394428730011,0.3165322542190552,0.6177895665168762,-0.05564107373356819,0.2684067189693451,0.6080912947654724,-0.08199823647737503,0.2302859127521515,0.5847901701927185,-0.009236468002200127,0.24442176520824432,0.48289060592651367,-0.03685355931520462,0.27748849987983704,0.4324371814727783,-0.05188959091901779,0.3076523244380951,0.3998139202594757,-0.06035986542701721,0.18677902221679688,0.5981921553611755,-0.025385677814483643,0.23485159873962402,0.5133063793182373,-0.0659441351890564,0.26638880372047424,0.6120102405548096,-0.07071521878242493,0.2651669979095459,0.672022819519043,-0.06213625892996788,0.15424004197120667,0.6269081234931946,-0.04418937861919403,0.2011503130197525,0.5595744252204895,-0.0865459069609642,0.23486904799938202,0.6460043787956238,-0.07472817599773407,0.233943909406662,0.7063387632369995,-0.05397149920463562,0.1270771026611328,0.6751568913459778,-0.06435837596654892,0.16457605361938477,0.5994219183921814,-0.09260470420122147,0.21303217113018036,0.6401389837265015,-0.0805877074599266,0.23869800567626953,0.6890181303024292,-0.063178651034832
X,0.20864102244377136,0.9073473215103149,-4.632271810578459e-08,0.26900818943977356,0.8221867084503174,-0.009035969153046608,0.3051873445510864,0.7146767973899841,-0.029337897896766663,0.3162606358528137,0.6183325052261353,-0.05845179036259651,0.26656800508499146,0.6057476997375488,-0.08673150092363358,0.23389095067977905,0.5897231101989746,-0.011593703180551529,0.24608683586120605,0.46674248576164246,-0.04864612966775894,0.29147249460220337,0.4568731486797333,-0.0686442032456398,0.3245033025741577,0.48689067363739014,-0.07533888518810272,0.19096267223358154,0.605141282081604,-0.028590478003025055,0.22993800044059753,0.5187772512435913,-0.06774108856916428,0.26134005188941956,0.6118326783180237,-0.07298582792282104,0.25893986225128174,0.6670919060707092,-0.06670697033405304,0.15790536999702454,0.6336261034011841,-0.04929928854107857,0.20028530061244965,0.5575363636016846,-0.08648928999900818,0.23204651474952698,0.6386231780052185,-0.0736984834074974,0.22982755303382874,0.6989708542823792,-0.05501263588666916,0.12830707430839539,0.6792820692062378,-0.07186149805784225,0.16219128668308258,0.5983137488365173,-0.09600748121738434,0.2103228121995926,0.6362365484237671,-0.08288516849279404,0.23652969300746918,0.6867565512657166,-0.06578709930181503
X,0.1621137112379074,0.8536999225616455,-1.8627660836045834e-07,0.23503714799880981,0.7675809860229492,-0.0007498891209252179,0.26149073243141174,0.6747097969055176,-0.005438543390482664,0.2635948657989502,0.5827593803405762,-0.01457328349351883,0.20946314930915833,0.5906034111976624,-0.022143082693219185,0.1956237107515335,0.5397476553916931,-0.0034181000664830208,0.18585115671157837,0.4246826767921448,-0.03322100639343262,0.21403098106384277,0.3839070796966553,-0.05108337476849556,0.23942497372627258,0.38172197341918945,-0.05739572271704674,0.1598614901304245,0.5575884580612183,-0.01853824406862259,0.18158847093582153,0.46685343980789185,-0.04958595335483551,0.2056637853384018,0.5600078105926514,-0.05105758085846901,0.20653684437274933,0.6197457313537598,-0.04251311719417572,0.13016796112060547,0.5871204733848572,-0.03581707552075386,0.1407952904701233,0.5022076964378357,-0.0677168071269989,0.17538923025131226,0.5833761096000671,-0.05360032618045807,0.17910154163837433,0.6381828188896179,-0.03323981538414955,0.10520359873771667,0.6398352980613708,-0.053084466606378555,0.10460133105516434,0.5499181747436523,-0.06577535718679428,0.14535215497016907,0.5846462845802307,-0.04262178763747215,0.15779000520706177,0.6361680030822754,-0.020135914906859398
X,0.16018986701965332,0.8485674858093262,-5.956820814390085e-08,0.23055300116539001,0.7612524628639221,-0.0002138095733243972,0.2645264267921448,0.6649214029312134,-0.012277014553546906,0.27616721391677856,0.5775765776634216,-0.03148483484983444,0.22822129726409912,0.5820014476776123,-0.05023539811372757,0.1862603724002838,0.5361068844795227,-0.009356996975839138,0.1819288432598114,0.4216424822807312,-0.043307941406965256,0.21985816955566406,0.3863874673843384,-0.06172264367341995,0.2514289915561676,0.38562554121017456,-0.06856797635555267,0.15141169726848602,0.5566513538360596,-0.028365712612867355,0.18549184501171112,0.46751630306243896,-0.06654583662748337,0.22127646207809448,0.5618467330932617,-0.0679684579372406,0.22263109683990479,0.6181371212005615,-0.05832391232252121,0.12594929337501526,0.5876170992851257,-0.04953016713261604,0.1538173258304596,0.504828691482544,-0.08858413249254227,0.19396986067295074,0.5878849625587463,-0.07333680242300034,0.1953372210264206,0.6436299681663513,-0.051028456538915634,0.10377661883831024,0.6381753087043762,-0.0708167552947998,0.12006380409002304,0.5517075657844543,-0.09177759289741516,0.16566585004329681,0.5897165536880493,-0.07220027595758438,0.1822398602962494,0.6379396915435791,-0.05083321034908295
X,0.13986216485500336,0.8573312759399414,-9.774898046543967e-08,0.21181131899356842,0.7626649141311646,0.003352188039571047,0.24329286813735962,0.6702300310134888,-0.0059052808210253716,0.2545267641544342,0.580190896987915,-0.021969733759760857,0.20615322887897491,0.5872091054916382,-0.03715535253286362,0.16467657685279846,0.5429933071136475,-0.008586009033024311,0.1611354500055313,0.4292071759700775,-0.04187175631523132,0.19676578044891357,0.39345455169677734,-0.06032855808734894,0.22673630714416504,0.3912867307662964,-0.06716972589492798,0.13002914190292358,0.5639458894729614,-0.028262171894311905,0.1607247143983841,0.47348493337631226,-0.06604921817779541,0.19542498886585236,0.5652258992195129,-0.06802797317504883,0.1994256228208542,0.625718355178833,-0.05914844572544098,0.10480770468711853,0.5964710712432861,-0.049335625022649765,0.12829330563545227,0.51128751039505,-0.08747710287570953,0.16865397989749908,0.5921711325645447,-0.07247711718082428,0.17328572273254395,0.649377703666687,-0.05044684559106827,0.08450019359588623,0.6486926674842834,-0.06998676061630249,0.0976954773068428,0.5610796809196472,-0.088865265250206,0.14250755310058594,0.5960826277732849,-0.06797460466623306,0.15829242765903473,0.6442818641662598,-0.04602600261569023
X,0.14298385381698608,0.8656504154205322,-1.6161236260359146e-07,0.21845722198486328,0.769627571105957,0.004267134703695774,0.24733665585517883,0.677976667881012,-0.0005957283428870142,0.26041272282600403,0.5866183638572693,-0.01063837856054306,0.212438702583313,0.594215989112854,-0.018459917977452278,0.17123596370220184,0.548921525478363,-0.008597461506724358,0.1711728274822235,0.4323718547821045,-0.041312072426080704,0.2057943493127823,0.3988080620765686,-0.058675069361925125,0.2348184883594513,0.3971690237522125,-0.06421970576047897,0.13652358949184418,0.5700558423995972,-0.0272222813218832,0.17173241078853607,0.4797072410583496,-0.06366576999425888,0.2024797946214676,0.5719795823097229,-0.0656980574131012,0.2035827487707138,0.6302816867828369,-0.05726886913180351,0.11094991862773895,0.6027674078941345,-0.046863336116075516,0.1355811208486557,0.5151578187942505,-0.08486422896385193,0.17445342242717743,0.5976173281669617,-0.07075987756252289,0.17734141647815704,0.6516797542572021,-0.04913356527686119,0.09293259680271149,0.6563379764556885,-0.06558346003293991,0.10506276041269302,0.5659441947937012,-0.08167877048254013,0.14966841042041779,0.6021298170089722,-0.058016885071992874,0.1606084108352661,0.6514326930046082,-0.03445823863148689
Q,0.19651034474372864,0.42125487327575684,-3.3265578736063617e-07,0.2743540108203888,0.40054115653038025,-0.040931228548288345,0.3426888883113861,0.3802088499069214,-0.0810728371143341,0.40186989307403564,0.43863362073898315,-0.120645672082901,0.42032796144485474,0.5288656949996948,-0.15741591155529022,0.26745203137397766,0.20318129658699036,-0.07964901626110077,0.30261507630348206,0.3615938425064087,-0.15054266154766083,0.3218100070953369,0.48801732063293457,-0.19594544172286987,0.3331512212753296,0.572597324848175,-0.2165500521659851,0.18299250304698944,0.23131880164146423,-0.0869240090250969,0.23681147396564484,0.4395686686038971,-0.1350780576467514,0.2786647379398346,0.5087212324142456,-0.1394387036561966,0.3015691339969635,0.5295134782791138,-0.13696546852588654,0.12022915482521057,0.29662758111953735,-0.1000046655535698,0.19270619750022888,0.4884953498840332,-0.12490765750408173,0.22158841788768768,0.4994494915008545,-0.09805555641651154,0.22942672669887543,0.4653422236442566,-0.07553142309188843,0.07947425544261932,0.3672550916671753,-0.12181893736124039,0.1408163607120514,0.5160644054412842,-0.13293665647506714,0.17853915691375732,0.5370155572891235,-0.1103299930691719,0.19584956765174866,0.5173071622848511,-0.08825749158859253
Q,0.1646280586719513,0.430065393447876,-3.765586029658152e-07,0.23926539719104767,0.4058755934238434,-0.0543023981153965,0.2959606647491455,0.3846406936645508,-0.09924250841140747,0.33588895201683044,0.4538763761520386,-0.13849475979804993,0.36163821816444397,0.5435761213302612,-0.17272913455963135,0.20286382734775543,0.19485870003700256,-0.0992620587348938,0.2153438925743103,0.3536589443683624,-0.16939422488212585,0.21557950973510742,0.48939675092697144,-0.20973922312259674,0.2117375284433365,0.5814306139945984,-0.22802026569843292,0.11577253043651581,0.21685941517353058,-0.0959358885884285,0.15370778739452362,0.4397711753845215,-0.14186574518680573,0.19980576634407043,0.4997189939022064,-0.14314451813697815,0.22616907954216003,0.5081042647361755,-0.14120717346668243,0.053848475217819214,0.2778511643409729,-0.09860879927873611,0.10741804540157318,0.48897719383239746,-0.12799212336540222,0.15372733771800995,0.5194380879402161,-0.10436386615037918,0.1770898699760437,0.5020688772201538,-0.08521842956542969,0.01489187777042389,0.34866392612457275,-0.11011907458305359,0.06509025394916534,0.5110781192779541,-0.13217304646968842,0.11207705736160278,0.5461570620536804,-0.1180839017033577,0.1364346593618393,0.5337986946105957,-0.10131572932004929
Q,0.20699650049209595,0.44102969765663147,-3.563834241049335e-07,0.28297099471092224,0.4183392822742462,-0.04190818965435028,0.3452486991882324,0.39294156432151794,-0.08220899850130081,0.39532434940338135,0.4602966904640198,-0.12061663717031479,0.4288753271102905,0.5554382801055908,-0.15682049095630646,0.2774460017681122,0.2088051438331604,-0.08237344026565552,0.2965943515300751,0.36848995089530945,-0.15188635885715485,0.29526466131210327,0.49653828144073486,-0.19774693250656128,0.29078152775764465,0.5828981399536133,-0.21980489790439606,0.1932186484336853,0.22874167561531067,-0.0864483043551445,0.2292453795671463,0.4424634277820587,-0.12620025873184204,0.2618807554244995,0.5012475848197937,-0.13014540076255798,0.2799026370048523,0.511355996131897,-0.13172435760498047,0.12840349972248077,0.28754258155822754,-0.09616440534591675,0.17777562141418457,0.48958057165145874,-0.11927501857280731,0.2084261178970337,0.5104873180389404,-0.09788556396961212,0.2227611243724823,0.4854239523410797,-0.08150177448987961,0.08347588777542114,0.3525127172470093,-0.11411697417497635,0.13021376729011536,0.5070605278015137,-0.12687590718269348,0.1715811789035797,0.538795530796051,-0.10854355990886688,0.1949058473110199,0.5268011093139648,-0.09072379767894745
Q,0.1906265765428543,0.45599880814552307,-3.390684639725805e-07,0.26306483149528503,0.42574045062065125,-0.04971995949745178,0.31492918729782104,0.39799290895462036,-0.09358066320419312,0.3567008078098297,0.46347057819366455,-0.13376513123512268,0.39053839445114136,0.5521136522293091,-0.16969560086727142,0.23211172223091125,0.2061750441789627,-0.08887261897325516,0.24434201419353485,0.349285364151001,-0.15953344106674194,0.24306358397006989,0.48283690214157104,-0.20199860632419586,0.23875193297863007,0.5762710571289062,-0.2213331013917923,0.1479848474264145,0.22528856992721558,-0.08841045200824738,0.18403840065002441,0.4414654076099396,-0.13360437750816345,0.2269788384437561,0.5046923160552979,-0.1362663209438324,0.2522837817668915,0.5186086893081665,-0.13467657566070557,0.08587916940450668,0.28659528493881226,-0.09430830180644989,0.13338223099708557,0.4907177686691284,-0.12302782386541367,0.17329347133636475,0.5200290679931641,-0.10084854811429977,0.19373703002929688,0.5022902488708496,-0.08223336189985275,0.04620760679244995,0.356494665145874,-0.10873538255691528,0.0911341980099678,0.5163400173187256,-0.12911441922187805,0.1359107792377472,0.5500989556312561,-0.11476117372512817,0.16073234379291534,0.5358293652534485,-0.09751173853874207
Q,0.22471830248832703,0.4281412661075592,-3.7254673657116655e-07,0.3082538843154907,0.4189944863319397,-0.050680920481681824,0.37146490812301636,0.40646761655807495,-0.09792832285165787,0.4145203232765198,0.49885088205337524,-0.14198067784309387,0.4438830018043518,0.6084390878677368,-0.18270574510097504,0.31052666902542114,0.19401662051677704,-0.09505405277013779,0.3186909258365631,0.3698437511920929,-0.1716890186071396,0.3062940537929535,0.5161256194114685,-0.22152993083000183,0.29671016335487366,0.6182141304016113,-0.24509532749652863,0.21956166625022888,0.19917844235897064,-0.0962277203798294,0.24791187047958374,0.4329090118408203,-0.14271582663059235,0.2749638259410858,0.5050181150436401,-0.14605613052845,0.28812846541404724,0.5306772589683533,-0.14496852457523346,0.14479774236679077,0.2508067786693573,-0.10376626253128052,0.1875084489583969,0.47121256589889526,-0.1296773999929428,0.20442064106464386,0.4973445534706116,-0.10179630666971207,0.20676904916763306,0.4734576344490051,-0.07976182550191879,0.09221534430980682,0.31470075249671936,-0.12070921063423157,0.13256783783435822,0.490363746881485,-0.1350260078907013,0.15837052464485168,0.5283221006393433,-0.11325028538703918,0.16564415395259857,0.5137389898300171,-0.09175613522529602
Q,0.29406365752220154,0.46297597885131836,-3.9080080682651896e-07,0.376842200756073,0.4655086398124695,-0.03856426849961281,0.44662779569625854,0.459687739610672,-0.07704503834247589,0.49105387926101685,0.5430081486701965,-0.11485548317432404,0.5016289949417114,0.6437122821807861,-0.1498810201883316,0.4040546417236328,0.25743234157562256,-0.07380854338407516,0.40582019090652466,0.4300220012664795,-0.14096741378307343,0.39018192887306213,0.5658631920814514,-0.18559274077415466,0.3762162923812866,0.6596077084541321,-0.20602256059646606,0.31356313824653625,0.25829756259918213,-0.08059941977262497,0.32578805088996887,0.48079735040664673,-0.12103792279958725,0.34982770681381226,0.5490735173225403,-0.12495650351047516,0.3630602955818176,0.5691294074058533,-0.12442950904369354,0.23848913609981537,0.302581250667572,-0.09305038303136826,0.271529883146286,0.5084783434867859,-0.1126873791217804,0.28966739773750305,0.5177915096282959,-0.08847478777170181,0.2951586842536926,0.47750961780548096,-0.06959051638841629,0.18562740087509155,0.35852953791618347,-0.11375302076339722,0.22220779955387115,0.5243116617202759,-0.12126943469047546,0.25055238604545593,0.5509160161018372,-0.09936105459928513,0.2635442018508911,0.5285898447036743,-0.0790664404630661
Q,0.26999351382255554,0.4362795352935791,-4.325301858898456e-07,0.34825730323791504,0.43765926361083984,-0.05849740281701088,0.40847593545913696,0.4330976903438568,-0.10703586786985397,0.4256853461265564,0.518049955368042,-0.14961950480937958,0.43499672412872314,0.6187089681625366,-0.18806536495685577,0.35976240038871765,0.21070820093154907,-0.10222014784812927,0.3406289219856262,0.3636583983898163,-0.17616719007492065,0.3059356212615967,0.5039788484573364,-0.21951058506965637,0.2762830853462219,0.599914014339447,-0.239444300532341,0.2687893509864807,0.20568516850471497,-0.09898298978805542,0.26035353541374207,0.4120710790157318,-0.1543472707271576,0.2833497226238251,0.5119968056678772,-0.16017276048660278,0.29867827892303467,0.556481122970581,-0.15781615674495697,0.19444920122623444,0.24694663286209106,-0.10169541090726852,0.19795165956020355,0.4354463815689087,-0.1397334635257721,0.22528977692127228,0.4968767762184143,-0.11736290156841278,0.24480125308036804,0.503923773765564,-0.09621678292751312,0.14249897003173828,0.30512139201164246,-0.11282970756292343,0.1525115668773651,0.46220463514328003,-0.13910967111587524,0.1821972280740738,0.5211971402168274,-0.12412230670452118,0.20473963022232056,0.5254626274108887,-0.10552255809307098
Q,0.33017638325691223,0.43577200174331665,-3.443648495249363e-07,0.4217067062854767,0.446270227432251,-0.04946228116750717,0.503190815448761,0.453439861536026,-0.09937263280153275,0.5702311396598816,0.5290260910987854,-0.14882376790046692,0.6056511402130127,0.6173436045646667,-0.19402538239955902,0.45965278148651123,0.21649256348609924,-0.09468719363212585,0.4745514690876007,0.395861953496933,-0.1779235452413559,0.47960376739501953,0.5448880791664124,-0.23045405745506287,0.4798086881637573,0.6444546580314636,-0.25403520464897156,0.36281347274780273,0.2274162471294403,-0.1047447994351387,0.38857951760292053,0.46066299080848694,-0.1651759296655655,0.4168187379837036,0.5383812189102173,-0.17447960376739502,0.4275975525379181,0.5592336058616638,-0.17418472468852997,0.28275787830352783,0.28717556595802307,-0.12169269472360611,0.32882094383239746,0.5038481950759888,-0.1567344218492508,0.35875585675239563,0.5256654024124146,-0.12917104363441467,0.3672657608985901,0.49300408363342285,-0.103872150182724,0.22594650089740753,0.36025384068489075,-0.1482236683368683,0.2706046402454376,0.529118001461029,-0.16363383829593658,0.30446335673332214,0.5535913109779358,-0.13964520394802094,0.3208976089954376,0.5307173132896423,-0.11526506394147873
Q,0.29189205169677734,0.463630348443985,-3.1893745244815364e-07,0.3803194761276245,0.4656725525856018,-0.060683611780405045,0.44044625759124756,0.46345484256744385,-0.11392533779144287,0.4610624313354492,0.5567983388900757,-0.16151826083660126,0.48172837495803833,0.6664861440658569,-0.20363546907901764,0.4045991897583008,0.20476269721984863,-0.10415831208229065,0.38535475730895996,0.3649017810821533,-0.18498678505420685,0.3429202735424042,0.5077186226844788,-0.2343396693468094,0.3059541583061218,0.6023766994476318,-0.25798168778419495,0.30867689847946167,0.18864445388317108,-0.10176405310630798,0.2934441566467285,0.42109328508377075,-0.15071704983711243,0.3187013268470764,0.5025067329406738,-0.153266042470932,0.3353729844093323,0.5206995010375977,-0.15249688923358917,0.22626864910125732,0.22941376268863678,-0.1068681851029396,0.22723041474819183,0.4551979899406433,-0.137348473072052,0.26055508852005005,0.5069420337677002,-0.10847308486700058,0.2835157513618469,0.4966312050819397,-0.08579009026288986,0.16524197161197662,0.28953924775123596,-0.12197067588567734,0.17332059144973755,0.4711802005767822,-0.14143416285514832,0.2067427635192871,0.5232039093971252,-0.12127052247524261,0.23093591630458832,0.5135294198989868,-0.1000656858086586
Q,0.29583874344825745,0.4262484908103943,-3.2458646614941244e-07,0.39247602224349976,0.44184112548828125,-0.05099910497665405,0.4797702729701996,0.452779084444046,-0.09694486111402512,0.5453087687492371,0.5425868630409241,-0.14077188074588776,0.5704197883605957,0.6385809183120728,-0.17828898131847382,0.43244385719299316,0.22615575790405273,-0.09382497519254684,0.4380129873752594,0.4151172637939453,-0.17511038482189178,0.4290884733200073,0.5642477869987488,-0.22464217245578766,0.4165731370449066,0.6688721179962158,-0.24463723599910736,0.33369240164756775,0.2334735095500946,-0.09800148755311966,0.35086286067962646,0.47896480560302734,-0.14516299962997437,0.37932828068733215,0.5209563970565796,-0.14706994593143463,0.39439648389816284,0.5138311386108398,-0.14608702063560486,0.2534223794937134,0.2852204442024231,-0.10986984521150589,0.29300281405448914,0.5209722518920898,-0.13467687368392944,0.31830140948295593,0.5166903138160706,-0.10156979411840439,0.3260245621204376,0.4625227153301239,-0.07490786910057068,0.19616977870464325,0.346877783536911,-0.13228750228881836,0.23628640174865723,0.5308269262313843,-0.144920215010643,0.25915974378585815,0.5337202548980713,-0.12016519159078598,0.26325681805610657,0.48932793736457825,-0.09552527964115143
Q,0.2916666865348816,0.4284178614616394,-4.3933800952800084e-07,0.38056445121765137,0.43727216124534607,-0.08035256713628769,0.45354604721069336,0.41816169023513794,-0.13912130892276764,0.4795965850353241,0.5171404480934143,-0.1877167820930481,0.5016893744468689,0.6306565999984741,-0.2282925248146057,0.3819487392902374,0.16937904059886932,-0.12333639711141586,0.36781662702560425,0.3472134470939636,-0.21397939324378967,0.339245080947876,0.511989176273346,-0.26372867822647095,0.3172820806503296,0.6229164600372314,-0.28466466069221497,0.2795272767543793,0.16839097440242767,-0.11307238787412643,0.27780234813690186,0.3842918276786804,-0.17825649678707123,0.30361902713775635,0.4689217805862427,-0.18111592531204224,0.3170020580291748,0.4907681345939636,-0.17471778392791748,0.19880236685276031,0.21766072511672974,-0.11245685815811157,0.21317064762115479,0.4232131242752075,-0.1580483615398407,0.24001894891262054,0.47790437936782837,-0.12633824348449707,0.25311079621315,0.46532559394836426,-0.09675518423318863,0.14361576735973358,0.282947838306427,-0.12327240407466888,0.16760919988155365,0.4561425745487213,-0.1568140983581543,0.191531702876091,0.5126889944076538,-0.13998042047023773,0.20019924640655518,0.5016210079193115,-0.11783166974782944
Q,0.28053978085517883,0.4944073557853699,-2.6514535989008436e-07,0.32470807433128357,0.5038251876831055,-0.03566812351346016,0.3625118136405945,0.5170128345489502,-0.0702766478061676,0.3614778518676758,0.5785186290740967,-0.10184305161237717,0.35161110758781433,0.6424660682678223,-0.13212282955646515,0.34549176692962646,0.34220802783966064,-0.07098834961652756,0.3089071214199066,0.4140383303165436,-0.1170971542596817,0.26988765597343445,0.4738297462463379,-0.14663165807724,0.23985555768013,0.5265001654624939,-0.16215653717517853,0.2797476649284363,0.3180053234100342,-0.07148268818855286,0.2504219710826874,0.4688952565193176,-0.11028406023979187,0.2507117986679077,0.5474419593811035,-0.11747037619352341,0.25436198711395264,0.5910834074020386,-0.11785390228033066,0.22245261073112488,0.3340143859386444,-0.07474581897258759,0.19977307319641113,0.4883657991886139,-0.10270559042692184,0.21905295550823212,0.5405073761940002,-0.09376417100429535,0.23811769485473633,0.5574475526809692,-0.08329273760318756,0.17883536219596863,0.36810168623924255,-0.08280882239341736,0.16842609643936157,0.4879266619682312,-0.10201654583215714,0.19338184595108032,0.5351266860961914,-0.09394823014736176,0.21761685609817505,0.5419307947158813,-0.08250384032726288
Q,0.2851617634296417,0.49100399017333984,-4.0235980236502655e-07,0.3399975001811981,0.4867385923862457,-0.045340828597545624,0.38195857405662537,0.48093992471694946,-0.08266588300466537,0.3974647521972656,0.5301999449729919,-0.11421658843755722,0.4088551998138428,0.5933033227920532,-0.14115196466445923,0.3491360545158386,0.3091253936290741,-0.08724193274974823,0.3203856348991394,0.4262242317199707,-0.14264501631259918,0.29357844591140747,0.5309562683105469,-0.170297309756279,0.27043774724006653,0.6038376688957214,-0.18174958229064941,0.2817029654979706,0.3013148605823517,-0.08478010445833206,0.26186275482177734,0.4697757363319397,-0.1302751749753952,0.2820959985256195,0.5445202589035034,-0.13281048834323883,0.2965407967567444,0.5773938298225403,-0.12830035388469696,0.2251533567905426,0.32912611961364746,-0.08619208633899689,0.21942570805549622,0.5013493299484253,-0.11756187677383423,0.2502681314945221,0.5478596091270447,-0.10029847174882889,0.2719932794570923,0.5518234372138977,-0.08313990384340286,0.18379412591457367,0.3737642467021942,-0.09393347799777985,0.18586015701293945,0.507565438747406,-0.11784093827009201,0.21636712551116943,0.5499631762504578,-0.10897313803434372,0.23973090946674347,0.5463575720787048,-0.09511816501617432
Q,0.2812882661819458,0.5026680827140808,-3.5693432209882303e-07,0.3339042067527771,0.49462974071502686,-0.04445604607462883,0.3727981150150299,0.4902602434158325,-0.08310358226299286,0.3808039426803589,0.5397459268569946,-0.11685129255056381,0.3671639859676361,0.5988166928291321,-0.14714796841144562,0.34341639280319214,0.3145105540752411,-0.08571144193410873,0.3164985775947571,0.41676199436187744,-0.14344200491905212,0.29276734590530396,0.5146361589431763,-0.17367662489414215,0.27530309557914734,0.5817254185676575,-0.18777205049991608,0.2757440507411957,0.3061738610267639,-0.08563632518053055,0.26180046796798706,0.4650366008281708,-0.13754665851593018,0.27967211604118347,0.5603545904159546,-0.14385202527046204,0.2929946780204773,0.6048414707183838,-0.1408810317516327,0.21770985424518585,0.33576416969299316,-0.08972387760877609,0.21572089195251465,0.5005391836166382,-0.12821130454540253,0.24242588877677917,0.5605529546737671,-0.11539281159639359,0.2613118588924408,0.5715718865394592,-0.10035812854766846,0.17545363306999207,0.38372617959976196,-0.09938886016607285,0.1780836582183838,0.5117604732513428,-0.12803907692432404,0.20936036109924316,0.5619925260543823,-0.12164855003356934,0.23433919250965118,0.5626330375671387,-0.10952941328287125
Q,0.26810362935066223,0.48872432112693787,-2.707535315948917e-07,0.3153003454208374,0.4943726062774658,-0.04693376645445824,0.35531407594680786,0.5014519691467285,-0.0861702635884285,0.3536759614944458,0.555011510848999,-0.11972175538539886,0.3331886827945709,0.6126963496208191,-0.1510843187570572,0.32296231389045715,0.3279916048049927,-0.0886651873588562,0.2886682450771332,0.40553364157676697,-0.14034044742584229,0.25988540053367615,0.4724152684211731,-0.1670895516872406,0.24051201343536377,0.5249038338661194,-0.18017442524433136,0.25539451837539673,0.3117378056049347,-0.08576260507106781,0.23197011649608612,0.4540221095085144,-0.13303184509277344,0.24542343616485596,0.5449985265731812,-0.1386154443025589,0.2587603032588959,0.5916767716407776,-0.13578449189662933,0.19881579279899597,0.33435049653053284,-0.08632171154022217,0.18251332640647888,0.491790771484375,-0.12453950941562653,0.21108223497867584,0.5543323159217834,-0.11497705429792404,0.2354213446378708,0.5725100040435791,-0.10210540890693665,0.15778836607933044,0.3758269250392914,-0.09197349101305008,0.15219411253929138,0.502092182636261,-0.11972909420728683,0.18395507335662842,0.5534769296646118,-0.11363359540700912,0.21036602556705475,0.5600286722183228,-0.10237085819244385
